1,73,Objekt1
2,88,Objekt2
3,1,Objekt3
4,403,Objekt4
5,270,Objekt5
6,477,Objekt6
7,426,Objekt7
8,76,Objekt8
9,38,Objekt9
10,202,Objekt10
11,120,Objekt11
12,428,Objekt12
13,487,Objekt13
14,43,Objekt14
15,180,Objekt15
16,267,Objekt16
17,243,Objekt17
18,103,Objekt18
19,229,Objekt19
20,71,Objekt20
21,243,Objekt21
22,335,Objekt22
23,235,Objekt23
24,149,Objekt24
25,331,Objekt25
26,202,Objekt26
27,461,Objekt27
28,148,Objekt28
29,229,Objekt29
30,75,Objekt30
31,334,Objekt31
32,231,Objekt32
33,357,Objekt33
34,310,Objekt34
35,93,Objekt35
36,443,Objekt36
37,201,Objekt37
38,79,Objekt38
39,88,Objekt39
40,74,Objekt40
41,84,Objekt41
42,176,Objekt42
43,271,Objekt43
44,293,Objekt44
45,251,Objekt45
46,295,Objekt46
47,378,Objekt47
48,113,Objekt48
49,334,Objekt49
50,349,Objekt50
51,300,Objekt51
52,352,Objekt52
53,395,Objekt53
54,295,Objekt54
55,17,Objekt55
56,232,Objekt56
57,316,Objekt57
58,496,Objekt58
59,122,Objekt59
60,429,Objekt60
61,467,Objekt61
62,72,Objekt62
63,134,Objekt63
64,176,Objekt64
65,374,Objekt65
66,332,Objekt66
67,325,Objekt67
68,145,Objekt68
69,395,Objekt69
70,312,Objekt70
71,180,Objekt71
72,340,Objekt72
73,121,Objekt73
74,84,Objekt74
75,458,Objekt75
76,3,Objekt76
77,441,Objekt77
78,355,Objekt78
79,292,Objekt79
80,258,Objekt80
81,4,Objekt81
82,275,Objekt82
83,421,Objekt83
84,342,Objekt84
85,151,Objekt85
86,303,Objekt86
87,487,Objekt87
88,103,Objekt88
89,321,Objekt89
90,140,Objekt90
91,467,Objekt91
92,189,Objekt92
93,309,Objekt93
94,70,Objekt94
95,136,Objekt95
96,300,Objekt96
97,430,Objekt97
98,295,Objekt98
99,464,Objekt99
100,264,Objekt100
101,404,Objekt101
102,28,Objekt102
103,120,Objekt103
104,186,Objekt104
105,52,Objekt105
106,400,Objekt106
107,201,Objekt107
108,339,Objekt108
109,236,Objekt109
110,261,Objekt110
111,144,Objekt111
112,188,Objekt112
113,226,Objekt113
114,277,Objekt114
115,100,Objekt115
116,198,Objekt116
117,194,Objekt117
118,168,Objekt118
119,162,Objekt119
120,432,Objekt120
121,304,Objekt121
122,129,Objekt122
123,40,Objekt123
124,201,Objekt124
125,220,Objekt125
126,343,Objekt126
127,454,Objekt127
128,437,Objekt128
129,325,Objekt129
130,244,Objekt130
131,447,Objekt131
132,116,Objekt132
133,58,Objekt133
134,385,Objekt134
135,357,Objekt135
136,204,Objekt136
137,72,Objekt137
138,79,Objekt138
139,325,Objekt139
140,184,Objekt140
141,44,Objekt141
142,447,Objekt142
143,317,Objekt143
144,144,Objekt144
145,225,Objekt145
146,245,Objekt146
147,307,Objekt147
148,462,Objekt148
149,131,Objekt149
150,381,Objekt150
151,412,Objekt151
152,394,Objekt152
153,307,Objekt153
154,472,Objekt154
155,97,Objekt155
156,245,Objekt156
157,227,Objekt157
158,187,Objekt158
159,99,Objekt159
160,379,Objekt160
161,45,Objekt161
162,399,Objekt162
163,487,Objekt163
164,491,Objekt164
165,46,Objekt165
166,222,Objekt166
167,126,Objekt167
168,290,Objekt168
169,403,Objekt169
170,316,Objekt170
171,172,Objekt171
172,63,Objekt172
173,475,Objekt173
174,8,Objekt174
175,73,Objekt175
176,98,Objekt176
177,57,Objekt177
178,4,Objekt178
179,139,Objekt179
180,48,Objekt180
181,109,Objekt181
182,87,Objekt182
183,263,Objekt183
184,468,Objekt184
185,62,Objekt185
186,484,Objekt186
187,107,Objekt187
188,327,Objekt188
189,271,Objekt189
190,328,Objekt190
191,230,Objekt191
192,57,Objekt192
193,311,Objekt193
194,475,Objekt194
195,214,Objekt195
196,20,Objekt196
197,3,Objekt197
198,199,Objekt198
199,209,Objekt199
200,403,Objekt200
201,90,Objekt201
202,152,Objekt202
203,191,Objekt203
204,479,Objekt204
205,119,Objekt205
206,309,Objekt206
207,376,Objekt207
208,413,Objekt208
209,98,Objekt209
210,86,Objekt210
211,83,Objekt211
212,355,Objekt212
213,102,Objekt213
214,336,Objekt214
215,386,Objekt215
216,63,Objekt216
217,122,Objekt217
218,216,Objekt218
219,322,Objekt219
220,401,Objekt220
221,407,Objekt221
222,185,Objekt222
223,79,Objekt223
224,465,Objekt224
225,112,Objekt225
226,83,Objekt226
227,354,Objekt227
228,294,Objekt228
229,28,Objekt229
230,229,Objekt230
231,340,Objekt231
232,495,Objekt232
233,94,Objekt233
234,305,Objekt234
235,28,Objekt235
236,45,Objekt236
237,272,Objekt237
238,203,Objekt238
239,171,Objekt239
240,33,Objekt240
241,226,Objekt241
242,182,Objekt242
243,205,Objekt243
244,239,Objekt244
245,327,Objekt245
246,441,Objekt246
247,282,Objekt247
248,487,Objekt248
249,15,Objekt249
250,238,Objekt250
251,132,Objekt251
252,247,Objekt252
253,214,Objekt253
254,102,Objekt254
255,400,Objekt255
256,168,Objekt256
257,62,Objekt257
258,430,Objekt258
259,399,Objekt259
260,283,Objekt260
261,293,Objekt261
262,127,Objekt262
263,357,Objekt263
264,3,Objekt264
265,341,Objekt265
266,296,Objekt266
267,433,Objekt267
268,322,Objekt268
269,448,Objekt269
270,392,Objekt270
271,220,Objekt271
272,117,Objekt272
273,245,Objekt273
274,249,Objekt274
275,386,Objekt275
276,44,Objekt276
277,238,Objekt277
278,229,Objekt278
279,226,Objekt279
280,229,Objekt280
281,176,Objekt281
282,419,Objekt282
283,106,Objekt283
284,323,Objekt284
285,187,Objekt285
286,76,Objekt286
287,487,Objekt287
288,464,Objekt288
289,460,Objekt289
290,451,Objekt290
291,190,Objekt291
292,376,Objekt292
293,342,Objekt293
294,158,Objekt294
295,254,Objekt295
296,259,Objekt296
297,263,Objekt297
298,361,Objekt298
299,147,Objekt299
300,9,Objekt300
301,448,Objekt301
302,271,Objekt302
303,34,Objekt303
304,430,Objekt304
305,211,Objekt305
306,450,Objekt306
307,277,Objekt307
308,200,Objekt308
309,235,Objekt309
310,146,Objekt310
311,440,Objekt311
312,180,Objekt312
313,161,Objekt313
314,174,Objekt314
315,467,Objekt315
316,475,Objekt316
317,381,Objekt317
318,131,Objekt318
319,170,Objekt319
320,347,Objekt320
321,67,Objekt321
322,304,Objekt322
323,432,Objekt323
324,457,Objekt324
325,260,Objekt325
326,326,Objekt326
327,65,Objekt327
328,493,Objekt328
329,379,Objekt329
330,410,Objekt330
331,409,Objekt331
332,44,Objekt332
333,259,Objekt333
334,103,Objekt334
335,393,Objekt335
336,128,Objekt336
337,469,Objekt337
338,328,Objekt338
339,221,Objekt339
340,133,Objekt340
341,407,Objekt341
342,265,Objekt342
343,467,Objekt343
344,89,Objekt344
345,303,Objekt345
346,406,Objekt346
347,262,Objekt347
348,4,Objekt348
349,392,Objekt349
350,324,Objekt350
351,314,Objekt351
352,426,Objekt352
353,9,Objekt353
354,304,Objekt354
355,40,Objekt355
356,299,Objekt356
357,370,Objekt357
358,302,Objekt358
359,107,Objekt359
360,403,Objekt360
361,181,Objekt361
362,244,Objekt362
363,462,Objekt363
364,182,Objekt364
365,7,Objekt365
366,492,Objekt366
367,357,Objekt367
368,4,Objekt368
369,376,Objekt369
370,385,Objekt370
371,194,Objekt371
372,421,Objekt372
373,470,Objekt373
374,331,Objekt374
375,94,Objekt375
376,103,Objekt376
377,355,Objekt377
378,37,Objekt378
379,70,Objekt379
380,423,Objekt380
381,389,Objekt381
382,81,Objekt382
383,463,Objekt383
384,447,Objekt384
385,421,Objekt385
386,493,Objekt386
387,333,Objekt387
388,405,Objekt388
389,331,Objekt389
390,410,Objekt390
391,204,Objekt391
392,192,Objekt392
393,170,Objekt393
394,270,Objekt394
395,47,Objekt395
396,426,Objekt396
397,415,Objekt397
398,304,Objekt398
399,160,Objekt399
400,36,Objekt400
401,438,Objekt401
402,75,Objekt402
403,419,Objekt403
404,5,Objekt404
405,282,Objekt405
406,434,Objekt406
407,305,Objekt407
408,140,Objekt408
409,234,Objekt409
410,399,Objekt410
411,38,Objekt411
412,72,Objekt412
413,124,Objekt413
414,488,Objekt414
415,82,Objekt415
416,210,Objekt416
417,296,Objekt417
418,69,Objekt418
419,430,Objekt419
420,126,Objekt420
421,334,Objekt421
422,117,Objekt422
423,413,Objekt423
424,191,Objekt424
425,292,Objekt425
426,468,Objekt426
427,329,Objekt427
428,454,Objekt428
429,52,Objekt429
430,69,Objekt430
431,418,Objekt431
432,97,Objekt432
433,206,Objekt433
434,221,Objekt434
435,89,Objekt435
436,494,Objekt436
437,96,Objekt437
438,206,Objekt438
439,182,Objekt439
440,267,Objekt440
441,428,Objekt441
442,158,Objekt442
443,404,Objekt443
444,248,Objekt444
445,299,Objekt445
446,19,Objekt446
447,215,Objekt447
448,119,Objekt448
449,68,Objekt449
450,58,Objekt450
451,295,Objekt451
452,2,Objekt452
453,128,Objekt453
454,173,Objekt454
455,107,Objekt455
456,236,Objekt456
457,164,Objekt457
458,440,Objekt458
459,78,Objekt459
460,271,Objekt460
461,499,Objekt461
462,260,Objekt462
463,423,Objekt463
464,369,Objekt464
465,168,Objekt465
466,318,Objekt466
467,213,Objekt467
468,187,Objekt468
469,155,Objekt469
470,202,Objekt470
471,106,Objekt471
472,417,Objekt472
473,462,Objekt473
474,192,Objekt474
475,404,Objekt475
476,15,Objekt476
477,83,Objekt477
478,38,Objekt478
479,100,Objekt479
480,28,Objekt480
481,86,Objekt481
482,197,Objekt482
483,167,Objekt483
484,199,Objekt484
485,77,Objekt485
486,276,Objekt486
487,340,Objekt487
488,96,Objekt488
489,233,Objekt489
490,479,Objekt490
491,149,Objekt491
492,289,Objekt492
493,95,Objekt493
494,9,Objekt494
495,64,Objekt495
496,220,Objekt496
497,30,Objekt497
498,468,Objekt498
499,53,Objekt499
500,401,Objekt500
501,252,Objekt501
502,39,Objekt502
503,355,Objekt503
504,176,Objekt504
505,211,Objekt505
506,21,Objekt506
507,401,Objekt507
508,486,Objekt508
509,220,Objekt509
510,273,Objekt510
511,497,Objekt511
512,205,Objekt512
513,6,Objekt513
514,146,Objekt514
515,409,Objekt515
516,419,Objekt516
517,166,Objekt517
518,411,Objekt518
519,417,Objekt519
520,189,Objekt520
521,398,Objekt521
522,108,Objekt522
523,36,Objekt523
524,267,Objekt524
525,333,Objekt525
526,358,Objekt526
527,349,Objekt527
528,35,Objekt528
529,495,Objekt529
530,71,Objekt530
531,41,Objekt531
532,32,Objekt532
533,277,Objekt533
534,367,Objekt534
535,317,Objekt535
536,108,Objekt536
537,485,Objekt537
538,69,Objekt538
539,191,Objekt539
540,455,Objekt540
541,464,Objekt541
542,70,Objekt542
543,5,Objekt543
544,426,Objekt544
545,421,Objekt545
546,199,Objekt546
547,326,Objekt547
548,135,Objekt548
549,310,Objekt549
550,74,Objekt550
551,90,Objekt551
552,33,Objekt552
553,246,Objekt553
554,470,Objekt554
555,22,Objekt555
556,174,Objekt556
557,148,Objekt557
558,157,Objekt558
559,385,Objekt559
560,85,Objekt560
561,208,Objekt561
562,164,Objekt562
563,437,Objekt563
564,495,Objekt564
565,455,Objekt565
566,287,Objekt566
567,374,Objekt567
568,167,Objekt568
569,389,Objekt569
570,422,Objekt570
571,383,Objekt571
572,199,Objekt572
573,463,Objekt573
574,162,Objekt574
575,405,Objekt575
576,100,Objekt576
577,125,Objekt577
578,382,Objekt578
579,127,Objekt579
580,349,Objekt580
581,36,Objekt581
582,210,Objekt582
583,134,Objekt583
584,96,Objekt584
585,134,Objekt585
586,134,Objekt586
587,241,Objekt587
588,445,Objekt588
589,327,Objekt589
590,89,Objekt590
591,319,Objekt591
592,105,Objekt592
593,7,Objekt593
594,42,Objekt594
595,214,Objekt595
596,416,Objekt596
597,409,Objekt597
598,223,Objekt598
599,295,Objekt599
600,245,Objekt600
601,459,Objekt601
602,448,Objekt602
603,483,Objekt603
604,170,Objekt604
605,287,Objekt605
606,68,Objekt606
607,498,Objekt607
608,104,Objekt608
609,461,Objekt609
610,338,Objekt610
611,245,Objekt611
612,110,Objekt612
613,197,Objekt613
614,359,Objekt614
615,498,Objekt615
616,261,Objekt616
617,491,Objekt617
618,174,Objekt618
619,84,Objekt619
620,201,Objekt620
621,348,Objekt621
622,220,Objekt622
623,303,Objekt623
624,404,Objekt624
625,41,Objekt625
626,474,Objekt626
627,50,Objekt627
628,371,Objekt628
629,274,Objekt629
630,106,Objekt630
631,6,Objekt631
632,320,Objekt632
633,407,Objekt633
634,458,Objekt634
635,103,Objekt635
636,311,Objekt636
637,437,Objekt637
638,226,Objekt638
639,52,Objekt639
640,363,Objekt640
641,407,Objekt641
642,334,Objekt642
643,317,Objekt643
644,334,Objekt644
645,233,Objekt645
646,324,Objekt646
647,247,Objekt647
648,471,Objekt648
649,5,Objekt649
650,7,Objekt650
651,76,Objekt651
652,455,Objekt652
653,76,Objekt653
654,384,Objekt654
655,97,Objekt655
656,358,Objekt656
657,79,Objekt657
658,236,Objekt658
659,477,Objekt659
660,197,Objekt660
661,345,Objekt661
662,122,Objekt662
663,214,Objekt663
664,472,Objekt664
665,34,Objekt665
666,17,Objekt666
667,105,Objekt667
668,498,Objekt668
669,410,Objekt669
670,239,Objekt670
671,463,Objekt671
672,239,Objekt672
673,319,Objekt673
674,219,Objekt674
675,108,Objekt675
676,56,Objekt676
677,482,Objekt677
678,204,Objekt678
679,302,Objekt679
680,471,Objekt680
681,340,Objekt681
682,48,Objekt682
683,466,Objekt683
684,288,Objekt684
685,276,Objekt685
686,297,Objekt686
687,426,Objekt687
688,72,Objekt688
689,1,Objekt689
690,38,Objekt690
691,456,Objekt691
692,148,Objekt692
693,165,Objekt693
694,433,Objekt694
695,280,Objekt695
696,411,Objekt696
697,451,Objekt697
698,118,Objekt698
699,205,Objekt699
700,397,Objekt700
701,475,Objekt701
702,194,Objekt702
703,107,Objekt703
704,413,Objekt704
705,336,Objekt705
706,13,Objekt706
707,373,Objekt707
708,375,Objekt708
709,158,Objekt709
710,242,Objekt710
711,39,Objekt711
712,433,Objekt712
713,152,Objekt713
714,373,Objekt714
715,216,Objekt715
716,484,Objekt716
717,282,Objekt717
718,226,Objekt718
719,38,Objekt719
720,322,Objekt720
721,152,Objekt721
722,2,Objekt722
723,88,Objekt723
724,421,Objekt724
725,301,Objekt725
726,38,Objekt726
727,445,Objekt727
728,361,Objekt728
729,324,Objekt729
730,120,Objekt730
731,94,Objekt731
732,250,Objekt732
733,10,Objekt733
734,359,Objekt734
735,287,Objekt735
736,417,Objekt736
737,10,Objekt737
738,181,Objekt738
739,240,Objekt739
740,157,Objekt740
741,134,Objekt741
742,307,Objekt742
743,204,Objekt743
744,95,Objekt744
745,43,Objekt745
746,437,Objekt746
747,161,Objekt747
748,8,Objekt748
749,245,Objekt749
750,386,Objekt750
751,161,Objekt751
752,40,Objekt752
753,358,Objekt753
754,224,Objekt754
755,329,Objekt755
756,205,Objekt756
757,28,Objekt757
758,412,Objekt758
759,162,Objekt759
760,468,Objekt760
761,471,Objekt761
762,85,Objekt762
763,440,Objekt763
764,480,Objekt764
765,244,Objekt765
766,101,Objekt766
767,127,Objekt767
768,62,Objekt768
769,301,Objekt769
770,54,Objekt770
771,329,Objekt771
772,324,Objekt772
773,121,Objekt773
774,397,Objekt774
775,224,Objekt775
776,339,Objekt776
777,468,Objekt777
778,10,Objekt778
779,70,Objekt779
780,108,Objekt780
781,321,Objekt781
782,298,Objekt782
783,161,Objekt783
784,315,Objekt784
785,53,Objekt785
786,352,Objekt786
787,19,Objekt787
788,367,Objekt788
789,140,Objekt789
790,241,Objekt790
791,203,Objekt791
792,214,Objekt792
793,321,Objekt793
794,113,Objekt794
795,206,Objekt795
796,322,Objekt796
797,53,Objekt797
798,152,Objekt798
799,284,Objekt799
800,63,Objekt800
801,237,Objekt801
802,437,Objekt802
803,206,Objekt803
804,72,Objekt804
805,315,Objekt805
806,411,Objekt806
807,400,Objekt807
808,286,Objekt808
809,445,Objekt809
810,70,Objekt810
811,235,Objekt811
812,371,Objekt812
813,254,Objekt813
814,475,Objekt814
815,354,Objekt815
816,133,Objekt816
817,18,Objekt817
818,368,Objekt818
819,441,Objekt819
820,4,Objekt820
821,456,Objekt821
822,485,Objekt822
823,187,Objekt823
824,241,Objekt824
825,87,Objekt825
826,318,Objekt826
827,303,Objekt827
828,476,Objekt828
829,56,Objekt829
830,60,Objekt830
831,72,Objekt831
832,485,Objekt832
833,475,Objekt833
834,347,Objekt834
835,67,Objekt835
836,125,Objekt836
837,393,Objekt837
838,124,Objekt838
839,190,Objekt839
840,76,Objekt840
841,369,Objekt841
842,17,Objekt842
843,372,Objekt843
844,437,Objekt844
845,336,Objekt845
846,314,Objekt846
847,453,Objekt847
848,434,Objekt848
849,166,Objekt849
850,167,Objekt850
851,236,Objekt851
852,174,Objekt852
853,155,Objekt853
854,307,Objekt854
855,184,Objekt855
856,256,Objekt856
857,189,Objekt857
858,142,Objekt858
859,417,Objekt859
860,14,Objekt860
861,84,Objekt861
862,2,Objekt862
863,365,Objekt863
864,171,Objekt864
865,103,Objekt865
866,251,Objekt866
867,436,Objekt867
868,309,Objekt868
869,189,Objekt869
870,484,Objekt870
871,446,Objekt871
872,194,Objekt872
873,350,Objekt873
874,165,Objekt874
875,76,Objekt875
876,351,Objekt876
877,248,Objekt877
878,290,Objekt878
879,488,Objekt879
880,142,Objekt880
881,285,Objekt881
882,429,Objekt882
883,178,Objekt883
884,395,Objekt884
885,174,Objekt885
886,379,Objekt886
887,87,Objekt887
888,338,Objekt888
889,368,Objekt889
890,234,Objekt890
891,434,Objekt891
892,452,Objekt892
893,438,Objekt893
894,430,Objekt894
895,171,Objekt895
896,345,Objekt896
897,110,Objekt897
898,99,Objekt898
899,150,Objekt899
900,276,Objekt900
901,21,Objekt901
902,276,Objekt902
903,282,Objekt903
904,53,Objekt904
905,43,Objekt905
906,169,Objekt906
907,148,Objekt907
908,110,Objekt908
909,471,Objekt909
910,76,Objekt910
911,421,Objekt911
912,479,Objekt912
913,41,Objekt913
914,93,Objekt914
915,189,Objekt915
916,410,Objekt916
917,66,Objekt917
918,90,Objekt918
919,4,Objekt919
920,430,Objekt920
921,77,Objekt921
922,289,Objekt922
923,59,Objekt923
924,6,Objekt924
925,37,Objekt925
926,202,Objekt926
927,55,Objekt927
928,22,Objekt928
929,37,Objekt929
930,146,Objekt930
931,3,Objekt931
932,48,Objekt932
933,403,Objekt933
934,114,Objekt934
935,266,Objekt935
936,31,Objekt936
937,403,Objekt937
938,364,Objekt938
939,24,Objekt939
940,250,Objekt940
941,73,Objekt941
942,231,Objekt942
943,134,Objekt943
944,419,Objekt944
945,315,Objekt945
946,426,Objekt946
947,126,Objekt947
948,456,Objekt948
949,61,Objekt949
950,177,Objekt950
951,319,Objekt951
952,333,Objekt952
953,186,Objekt953
954,365,Objekt954
955,117,Objekt955
956,420,Objekt956
957,82,Objekt957
958,270,Objekt958
959,482,Objekt959
960,461,Objekt960
961,442,Objekt961
962,394,Objekt962
963,274,Objekt963
964,57,Objekt964
965,205,Objekt965
966,73,Objekt966
967,484,Objekt967
968,270,Objekt968
969,276,Objekt969
970,236,Objekt970
971,168,Objekt971
972,42,Objekt972
973,448,Objekt973
974,232,Objekt974
975,94,Objekt975
976,139,Objekt976
977,228,Objekt977
978,68,Objekt978
979,148,Objekt979
980,383,Objekt980
981,188,Objekt981
982,97,Objekt982
983,295,Objekt983
984,225,Objekt984
985,204,Objekt985
986,71,Objekt986
987,81,Objekt987
988,429,Objekt988
989,241,Objekt989
990,9,Objekt990
991,156,Objekt991
992,385,Objekt992
993,264,Objekt993
994,416,Objekt994
995,170,Objekt995
996,127,Objekt996
997,345,Objekt997
998,243,Objekt998
999,325,Objekt999
1000,28,Objekt1000
1001,349,Objekt1001
1002,68,Objekt1002
1003,327,Objekt1003
1004,297,Objekt1004
1005,193,Objekt1005
1006,474,Objekt1006
1007,197,Objekt1007
1008,423,Objekt1008
1009,333,Objekt1009
1010,338,Objekt1010
1011,347,Objekt1011
1012,402,Objekt1012
1013,378,Objekt1013
1014,174,Objekt1014
1015,487,Objekt1015
1016,328,Objekt1016
1017,426,Objekt1017
1018,5,Objekt1018
1019,289,Objekt1019
1020,295,Objekt1020
1021,383,Objekt1021
1022,499,Objekt1022
1023,500,Objekt1023
1024,287,Objekt1024
1025,397,Objekt1025
1026,314,Objekt1026
1027,79,Objekt1027
1028,316,Objekt1028
1029,121,Objekt1029
1030,29,Objekt1030
1031,270,Objekt1031
1032,132,Objekt1032
1033,236,Objekt1033
1034,55,Objekt1034
1035,320,Objekt1035
1036,276,Objekt1036
1037,57,Objekt1037
1038,379,Objekt1038
1039,161,Objekt1039
1040,70,Objekt1040
1041,354,Objekt1041
1042,334,Objekt1042
1043,213,Objekt1043
1044,27,Objekt1044
1045,58,Objekt1045
1046,21,Objekt1046
1047,223,Objekt1047
1048,440,Objekt1048
1049,476,Objekt1049
1050,379,Objekt1050
1051,100,Objekt1051
1052,407,Objekt1052
1053,261,Objekt1053
1054,368,Objekt1054
1055,94,Objekt1055
1056,149,Objekt1056
1057,222,Objekt1057
1058,365,Objekt1058
1059,263,Objekt1059
1060,437,Objekt1060
1061,5,Objekt1061
1062,248,Objekt1062
1063,311,Objekt1063
1064,329,Objekt1064
1065,399,Objekt1065
1066,108,Objekt1066
1067,450,Objekt1067
1068,63,Objekt1068
1069,478,Objekt1069
1070,26,Objekt1070
1071,302,Objekt1071
1072,315,Objekt1072
1073,153,Objekt1073
1074,433,Objekt1074
1075,28,Objekt1075
1076,31,Objekt1076
1077,112,Objekt1077
1078,220,Objekt1078
1079,167,Objekt1079
1080,183,Objekt1080
1081,328,Objekt1081
1082,463,Objekt1082
1083,369,Objekt1083
1084,67,Objekt1084
1085,308,Objekt1085
1086,267,Objekt1086
1087,117,Objekt1087
1088,135,Objekt1088
1089,190,Objekt1089
1090,232,Objekt1090
1091,264,Objekt1091
1092,104,Objekt1092
1093,157,Objekt1093
1094,169,Objekt1094
1095,234,Objekt1095
1096,288,Objekt1096
1097,449,Objekt1097
1098,201,Objekt1098
1099,123,Objekt1099
1100,298,Objekt1100
1101,99,Objekt1101
1102,49,Objekt1102
1103,159,Objekt1103
1104,304,Objekt1104
1105,161,Objekt1105
1106,408,Objekt1106
1107,293,Objekt1107
1108,442,Objekt1108
1109,279,Objekt1109
1110,49,Objekt1110
1111,298,Objekt1111
1112,420,Objekt1112
1113,450,Objekt1113
1114,248,Objekt1114
1115,285,Objekt1115
1116,407,Objekt1116
1117,303,Objekt1117
1118,478,Objekt1118
1119,339,Objekt1119
1120,198,Objekt1120
1121,216,Objekt1121
1122,67,Objekt1122
1123,301,Objekt1123
1124,94,Objekt1124
1125,24,Objekt1125
1126,284,Objekt1126
1127,235,Objekt1127
1128,168,Objekt1128
1129,196,Objekt1129
1130,327,Objekt1130
1131,58,Objekt1131
1132,237,Objekt1132
1133,283,Objekt1133
1134,208,Objekt1134
1135,481,Objekt1135
1136,90,Objekt1136
1137,413,Objekt1137
1138,307,Objekt1138
1139,33,Objekt1139
1140,151,Objekt1140
1141,163,Objekt1141
1142,20,Objekt1142
1143,233,Objekt1143
1144,416,Objekt1144
1145,365,Objekt1145
1146,348,Objekt1146
1147,82,Objekt1147
1148,391,Objekt1148
1149,416,Objekt1149
1150,233,Objekt1150
1151,460,Objekt1151
1152,328,Objekt1152
1153,376,Objekt1153
1154,329,Objekt1154
1155,412,Objekt1155
1156,169,Objekt1156
1157,476,Objekt1157
1158,212,Objekt1158
1159,244,Objekt1159
1160,8,Objekt1160
1161,220,Objekt1161
1162,29,Objekt1162
1163,74,Objekt1163
1164,110,Objekt1164
1165,105,Objekt1165
1166,467,Objekt1166
1167,132,Objekt1167
1168,418,Objekt1168
1169,492,Objekt1169
1170,71,Objekt1170
1171,266,Objekt1171
1172,456,Objekt1172
1173,431,Objekt1173
1174,433,Objekt1174
1175,301,Objekt1175
1176,73,Objekt1176
1177,14,Objekt1177
1178,366,Objekt1178
1179,132,Objekt1179
1180,486,Objekt1180
1181,77,Objekt1181
1182,122,Objekt1182
1183,308,Objekt1183
1184,104,Objekt1184
1185,348,Objekt1185
1186,137,Objekt1186
1187,147,Objekt1187
1188,199,Objekt1188
1189,391,Objekt1189
1190,209,Objekt1190
1191,99,Objekt1191
1192,229,Objekt1192
1193,140,Objekt1193
1194,322,Objekt1194
1195,343,Objekt1195
1196,260,Objekt1196
1197,442,Objekt1197
1198,165,Objekt1198
1199,117,Objekt1199
1200,401,Objekt1200
1201,200,Objekt1201
1202,59,Objekt1202
1203,463,Objekt1203
1204,359,Objekt1204
1205,205,Objekt1205
1206,155,Objekt1206
1207,80,Objekt1207
1208,289,Objekt1208
1209,67,Objekt1209
1210,124,Objekt1210
1211,345,Objekt1211
1212,386,Objekt1212
1213,232,Objekt1213
1214,199,Objekt1214
1215,415,Objekt1215
1216,218,Objekt1216
1217,265,Objekt1217
1218,94,Objekt1218
1219,498,Objekt1219
1220,184,Objekt1220
1221,408,Objekt1221
1222,78,Objekt1222
1223,317,Objekt1223
1224,454,Objekt1224
1225,420,Objekt1225
1226,408,Objekt1226
1227,89,Objekt1227
1228,124,Objekt1228
1229,187,Objekt1229
1230,370,Objekt1230
1231,486,Objekt1231
1232,285,Objekt1232
1233,110,Objekt1233
1234,79,Objekt1234
1235,47,Objekt1235
1236,321,Objekt1236
1237,442,Objekt1237
1238,195,Objekt1238
1239,343,Objekt1239
1240,258,Objekt1240
1241,356,Objekt1241
1242,295,Objekt1242
1243,17,Objekt1243
1244,375,Objekt1244
1245,441,Objekt1245
1246,387,Objekt1246
1247,363,Objekt1247
1248,438,Objekt1248
1249,413,Objekt1249
1250,227,Objekt1250
1251,403,Objekt1251
1252,253,Objekt1252
1253,26,Objekt1253
1254,274,Objekt1254
1255,406,Objekt1255
1256,471,Objekt1256
1257,397,Objekt1257
1258,113,Objekt1258
1259,368,Objekt1259
1260,398,Objekt1260
1261,125,Objekt1261
1262,356,Objekt1262
1263,277,Objekt1263
1264,491,Objekt1264
1265,309,Objekt1265
1266,301,Objekt1266
1267,439,Objekt1267
1268,193,Objekt1268
1269,149,Objekt1269
1270,164,Objekt1270
1271,152,Objekt1271
1272,101,Objekt1272
1273,238,Objekt1273
1274,273,Objekt1274
1275,288,Objekt1275
1276,69,Objekt1276
1277,493,Objekt1277
1278,69,Objekt1278
1279,291,Objekt1279
1280,190,Objekt1280
1281,160,Objekt1281
1282,81,Objekt1282
1283,75,Objekt1283
1284,67,Objekt1284
1285,405,Objekt1285
1286,377,Objekt1286
1287,148,Objekt1287
1288,89,Objekt1288
1289,434,Objekt1289
1290,466,Objekt1290
1291,19,Objekt1291
1292,214,Objekt1292
1293,490,Objekt1293
1294,406,Objekt1294
1295,108,Objekt1295
1296,161,Objekt1296
1297,420,Objekt1297
1298,341,Objekt1298
1299,111,Objekt1299
1300,365,Objekt1300
1301,72,Objekt1301
1302,432,Objekt1302
1303,499,Objekt1303
1304,66,Objekt1304
1305,10,Objekt1305
1306,492,Objekt1306
1307,354,Objekt1307
1308,402,Objekt1308
1309,441,Objekt1309
1310,179,Objekt1310
1311,241,Objekt1311
1312,418,Objekt1312
1313,418,Objekt1313
1314,395,Objekt1314
1315,44,Objekt1315
1316,80,Objekt1316
1317,209,Objekt1317
1318,231,Objekt1318
1319,139,Objekt1319
1320,499,Objekt1320
1321,494,Objekt1321
1322,379,Objekt1322
1323,19,Objekt1323
1324,286,Objekt1324
1325,297,Objekt1325
1326,378,Objekt1326
1327,282,Objekt1327
1328,115,Objekt1328
1329,434,Objekt1329
1330,449,Objekt1330
1331,252,Objekt1331
1332,325,Objekt1332
1333,460,Objekt1333
1334,432,Objekt1334
1335,14,Objekt1335
1336,475,Objekt1336
1337,48,Objekt1337
1338,308,Objekt1338
1339,485,Objekt1339
1340,261,Objekt1340
1341,204,Objekt1341
1342,37,Objekt1342
1343,107,Objekt1343
1344,346,Objekt1344
1345,319,Objekt1345
1346,253,Objekt1346
1347,379,Objekt1347
1348,258,Objekt1348
1349,166,Objekt1349
1350,261,Objekt1350
1351,3,Objekt1351
1352,218,Objekt1352
1353,405,Objekt1353
1354,387,Objekt1354
1355,101,Objekt1355
1356,490,Objekt1356
1357,250,Objekt1357
1358,487,Objekt1358
1359,121,Objekt1359
1360,434,Objekt1360
1361,318,Objekt1361
1362,106,Objekt1362
1363,336,Objekt1363
1364,170,Objekt1364
1365,20,Objekt1365
1366,434,Objekt1366
1367,175,Objekt1367
1368,491,Objekt1368
1369,465,Objekt1369
1370,238,Objekt1370
1371,73,Objekt1371
1372,493,Objekt1372
1373,473,Objekt1373
1374,344,Objekt1374
1375,203,Objekt1375
1376,189,Objekt1376
1377,402,Objekt1377
1378,8,Objekt1378
1379,108,Objekt1379
1380,99,Objekt1380
1381,238,Objekt1381
1382,53,Objekt1382
1383,240,Objekt1383
1384,130,Objekt1384
1385,316,Objekt1385
1386,223,Objekt1386
1387,15,Objekt1387
1388,273,Objekt1388
1389,29,Objekt1389
1390,62,Objekt1390
1391,337,Objekt1391
1392,247,Objekt1392
1393,64,Objekt1393
1394,204,Objekt1394
1395,435,Objekt1395
1396,475,Objekt1396
1397,357,Objekt1397
1398,453,Objekt1398
1399,448,Objekt1399
1400,324,Objekt1400
1401,434,Objekt1401
1402,291,Objekt1402
1403,200,Objekt1403
1404,328,Objekt1404
1405,29,Objekt1405
1406,300,Objekt1406
1407,428,Objekt1407
1408,310,Objekt1408
1409,384,Objekt1409
1410,207,Objekt1410
1411,466,Objekt1411
1412,186,Objekt1412
1413,43,Objekt1413
1414,373,Objekt1414
1415,440,Objekt1415
1416,232,Objekt1416
1417,365,Objekt1417
1418,375,Objekt1418
1419,3,Objekt1419
1420,328,Objekt1420
1421,150,Objekt1421
1422,231,Objekt1422
1423,200,Objekt1423
1424,225,Objekt1424
1425,69,Objekt1425
1426,315,Objekt1426
1427,20,Objekt1427
1428,327,Objekt1428
1429,98,Objekt1429
1430,361,Objekt1430
1431,293,Objekt1431
1432,101,Objekt1432
1433,145,Objekt1433
1434,434,Objekt1434
1435,202,Objekt1435
1436,156,Objekt1436
1437,476,Objekt1437
1438,8,Objekt1438
1439,432,Objekt1439
1440,166,Objekt1440
1441,292,Objekt1441
1442,432,Objekt1442
1443,318,Objekt1443
1444,365,Objekt1444
1445,298,Objekt1445
1446,391,Objekt1446
1447,112,Objekt1447
1448,85,Objekt1448
1449,349,Objekt1449
1450,407,Objekt1450
1451,25,Objekt1451
1452,137,Objekt1452
1453,473,Objekt1453
1454,22,Objekt1454
1455,158,Objekt1455
1456,163,Objekt1456
1457,497,Objekt1457
1458,183,Objekt1458
1459,353,Objekt1459
1460,213,Objekt1460
1461,15,Objekt1461
1462,102,Objekt1462
1463,115,Objekt1463
1464,302,Objekt1464
1465,456,Objekt1465
1466,248,Objekt1466
1467,116,Objekt1467
1468,189,Objekt1468
1469,154,Objekt1469
1470,15,Objekt1470
1471,394,Objekt1471
1472,466,Objekt1472
1473,30,Objekt1473
1474,58,Objekt1474
1475,390,Objekt1475
1476,261,Objekt1476
1477,314,Objekt1477
1478,392,Objekt1478
1479,181,Objekt1479
1480,499,Objekt1480
1481,7,Objekt1481
1482,40,Objekt1482
1483,402,Objekt1483
1484,267,Objekt1484
1485,215,Objekt1485
1486,320,Objekt1486
1487,456,Objekt1487
1488,234,Objekt1488
1489,150,Objekt1489
1490,435,Objekt1490
1491,215,Objekt1491
1492,123,Objekt1492
1493,263,Objekt1493
1494,81,Objekt1494
1495,472,Objekt1495
1496,106,Objekt1496
1497,463,Objekt1497
1498,65,Objekt1498
1499,199,Objekt1499
1500,269,Objekt1500
1501,90,Objekt1501
1502,473,Objekt1502
1503,419,Objekt1503
1504,493,Objekt1504
1505,398,Objekt1505
1506,142,Objekt1506
1507,292,Objekt1507
1508,72,Objekt1508
1509,6,Objekt1509
1510,443,Objekt1510
1511,125,Objekt1511
1512,63,Objekt1512
1513,499,Objekt1513
1514,424,Objekt1514
1515,277,Objekt1515
1516,60,Objekt1516
1517,203,Objekt1517
1518,8,Objekt1518
1519,168,Objekt1519
1520,193,Objekt1520
1521,459,Objekt1521
1522,4,Objekt1522
1523,85,Objekt1523
1524,309,Objekt1524
1525,321,Objekt1525
1526,197,Objekt1526
1527,90,Objekt1527
1528,88,Objekt1528
1529,326,Objekt1529
1530,386,Objekt1530
1531,359,Objekt1531
1532,191,Objekt1532
1533,156,Objekt1533
1534,383,Objekt1534
1535,62,Objekt1535
1536,406,Objekt1536
1537,343,Objekt1537
1538,47,Objekt1538
1539,274,Objekt1539
1540,101,Objekt1540
1541,69,Objekt1541
1542,261,Objekt1542
1543,261,Objekt1543
1544,183,Objekt1544
1545,214,Objekt1545
1546,465,Objekt1546
1547,277,Objekt1547
1548,310,Objekt1548
1549,51,Objekt1549
1550,240,Objekt1550
1551,5,Objekt1551
1552,473,Objekt1552
1553,152,Objekt1553
1554,187,Objekt1554
1555,128,Objekt1555
1556,472,Objekt1556
1557,446,Objekt1557
1558,178,Objekt1558
1559,184,Objekt1559
1560,87,Objekt1560
1561,418,Objekt1561
1562,52,Objekt1562
1563,118,Objekt1563
1564,366,Objekt1564
1565,183,Objekt1565
1566,205,Objekt1566
1567,286,Objekt1567
1568,252,Objekt1568
1569,69,Objekt1569
1570,73,Objekt1570
1571,327,Objekt1571
1572,244,Objekt1572
1573,376,Objekt1573
1574,121,Objekt1574
1575,406,Objekt1575
1576,383,Objekt1576
1577,280,Objekt1577
1578,68,Objekt1578
1579,457,Objekt1579
1580,469,Objekt1580
1581,82,Objekt1581
1582,394,Objekt1582
1583,334,Objekt1583
1584,166,Objekt1584
1585,106,Objekt1585
1586,467,Objekt1586
1587,267,Objekt1587
1588,169,Objekt1588
1589,176,Objekt1589
1590,92,Objekt1590
1591,490,Objekt1591
1592,175,Objekt1592
1593,226,Objekt1593
1594,275,Objekt1594
1595,121,Objekt1595
1596,47,Objekt1596
1597,298,Objekt1597
1598,183,Objekt1598
1599,409,Objekt1599
1600,458,Objekt1600
1601,158,Objekt1601
1602,341,Objekt1602
1603,441,Objekt1603
1604,129,Objekt1604
1605,214,Objekt1605
1606,307,Objekt1606
1607,464,Objekt1607
1608,126,Objekt1608
1609,365,Objekt1609
1610,347,Objekt1610
1611,288,Objekt1611
1612,274,Objekt1612
1613,435,Objekt1613
1614,136,Objekt1614
1615,57,Objekt1615
1616,282,Objekt1616
1617,406,Objekt1617
1618,201,Objekt1618
1619,243,Objekt1619
1620,150,Objekt1620
1621,341,Objekt1621
1622,259,Objekt1622
1623,349,Objekt1623
1624,397,Objekt1624
1625,118,Objekt1625
1626,311,Objekt1626
1627,167,Objekt1627
1628,423,Objekt1628
1629,197,Objekt1629
1630,400,Objekt1630
1631,493,Objekt1631
1632,152,Objekt1632
1633,268,Objekt1633
1634,416,Objekt1634
1635,334,Objekt1635
1636,183,Objekt1636
1637,276,Objekt1637
1638,385,Objekt1638
1639,296,Objekt1639
1640,141,Objekt1640
1641,416,Objekt1641
1642,104,Objekt1642
1643,304,Objekt1643
1644,303,Objekt1644
1645,202,Objekt1645
1646,292,Objekt1646
1647,364,Objekt1647
1648,66,Objekt1648
1649,286,Objekt1649
1650,145,Objekt1650
1651,373,Objekt1651
1652,206,Objekt1652
1653,247,Objekt1653
1654,275,Objekt1654
1655,115,Objekt1655
1656,158,Objekt1656
1657,174,Objekt1657
1658,303,Objekt1658
1659,344,Objekt1659
1660,244,Objekt1660
1661,383,Objekt1661
1662,362,Objekt1662
1663,13,Objekt1663
1664,459,Objekt1664
1665,255,Objekt1665
1666,313,Objekt1666
1667,36,Objekt1667
1668,334,Objekt1668
1669,131,Objekt1669
1670,240,Objekt1670
1671,50,Objekt1671
1672,477,Objekt1672
1673,255,Objekt1673
1674,14,Objekt1674
1675,384,Objekt1675
1676,57,Objekt1676
1677,222,Objekt1677
1678,86,Objekt1678
1679,405,Objekt1679
1680,493,Objekt1680
1681,135,Objekt1681
1682,39,Objekt1682
1683,396,Objekt1683
1684,12,Objekt1684
1685,254,Objekt1685
1686,216,Objekt1686
1687,96,Objekt1687
1688,331,Objekt1688
1689,208,Objekt1689
1690,61,Objekt1690
1691,166,Objekt1691
1692,347,Objekt1692
1693,156,Objekt1693
1694,452,Objekt1694
1695,152,Objekt1695
1696,281,Objekt1696
1697,192,Objekt1697
1698,210,Objekt1698
1699,320,Objekt1699
1700,491,Objekt1700
1701,373,Objekt1701
1702,122,Objekt1702
1703,410,Objekt1703
1704,312,Objekt1704
1705,258,Objekt1705
1706,366,Objekt1706
1707,151,Objekt1707
1708,247,Objekt1708
1709,256,Objekt1709
1710,98,Objekt1710
1711,241,Objekt1711
1712,417,Objekt1712
1713,15,Objekt1713
1714,351,Objekt1714
1715,123,Objekt1715
1716,197,Objekt1716
1717,387,Objekt1717
1718,102,Objekt1718
1719,435,Objekt1719
1720,454,Objekt1720
1721,213,Objekt1721
1722,343,Objekt1722
1723,448,Objekt1723
1724,265,Objekt1724
1725,472,Objekt1725
1726,460,Objekt1726
1727,285,Objekt1727
1728,259,Objekt1728
1729,99,Objekt1729
1730,53,Objekt1730
1731,296,Objekt1731
1732,270,Objekt1732
1733,88,Objekt1733
1734,428,Objekt1734
1735,197,Objekt1735
1736,82,Objekt1736
1737,370,Objekt1737
1738,428,Objekt1738
1739,38,Objekt1739
1740,427,Objekt1740
1741,267,Objekt1741
1742,159,Objekt1742
1743,127,Objekt1743
1744,341,Objekt1744
1745,400,Objekt1745
1746,309,Objekt1746
1747,135,Objekt1747
1748,224,Objekt1748
1749,73,Objekt1749
1750,425,Objekt1750
1751,175,Objekt1751
1752,56,Objekt1752
1753,366,Objekt1753
1754,155,Objekt1754
1755,315,Objekt1755
1756,249,Objekt1756
1757,34,Objekt1757
1758,240,Objekt1758
1759,125,Objekt1759
1760,17,Objekt1760
1761,498,Objekt1761
1762,170,Objekt1762
1763,367,Objekt1763
1764,322,Objekt1764
1765,1,Objekt1765
1766,259,Objekt1766
1767,4,Objekt1767
1768,409,Objekt1768
1769,479,Objekt1769
1770,76,Objekt1770
1771,331,Objekt1771
1772,215,Objekt1772
1773,136,Objekt1773
1774,143,Objekt1774
1775,400,Objekt1775
1776,337,Objekt1776
1777,335,Objekt1777
1778,50,Objekt1778
1779,107,Objekt1779
1780,351,Objekt1780
1781,304,Objekt1781
1782,238,Objekt1782
1783,290,Objekt1783
1784,119,Objekt1784
1785,279,Objekt1785
1786,311,Objekt1786
1787,9,Objekt1787
1788,70,Objekt1788
1789,372,Objekt1789
1790,430,Objekt1790
1791,460,Objekt1791
1792,174,Objekt1792
1793,36,Objekt1793
1794,123,Objekt1794
1795,17,Objekt1795
1796,48,Objekt1796
1797,142,Objekt1797
1798,367,Objekt1798
1799,362,Objekt1799
1800,104,Objekt1800
1801,226,Objekt1801
1802,130,Objekt1802
1803,327,Objekt1803
1804,462,Objekt1804
1805,249,Objekt1805
1806,247,Objekt1806
1807,126,Objekt1807
1808,201,Objekt1808
1809,48,Objekt1809
1810,273,Objekt1810
1811,293,Objekt1811
1812,163,Objekt1812
1813,240,Objekt1813
1814,445,Objekt1814
1815,338,Objekt1815
1816,400,Objekt1816
1817,490,Objekt1817
1818,193,Objekt1818
1819,197,Objekt1819
1820,126,Objekt1820
1821,153,Objekt1821
1822,293,Objekt1822
1823,131,Objekt1823
1824,359,Objekt1824
1825,483,Objekt1825
1826,52,Objekt1826
1827,57,Objekt1827
1828,233,Objekt1828
1829,410,Objekt1829
1830,177,Objekt1830
1831,54,Objekt1831
1832,139,Objekt1832
1833,185,Objekt1833
1834,446,Objekt1834
1835,399,Objekt1835
1836,461,Objekt1836
1837,191,Objekt1837
1838,15,Objekt1838
1839,407,Objekt1839
1840,362,Objekt1840
1841,366,Objekt1841
1842,44,Objekt1842
1843,490,Objekt1843
1844,382,Objekt1844
1845,181,Objekt1845
1846,447,Objekt1846
1847,102,Objekt1847
1848,407,Objekt1848
1849,45,Objekt1849
1850,348,Objekt1850
1851,335,Objekt1851
1852,26,Objekt1852
1853,22,Objekt1853
1854,394,Objekt1854
1855,95,Objekt1855
1856,230,Objekt1856
1857,5,Objekt1857
1858,86,Objekt1858
1859,417,Objekt1859
1860,454,Objekt1860
1861,454,Objekt1861
1862,247,Objekt1862
1863,116,Objekt1863
1864,452,Objekt1864
1865,438,Objekt1865
1866,48,Objekt1866
1867,135,Objekt1867
1868,346,Objekt1868
1869,90,Objekt1869
1870,354,Objekt1870
1871,385,Objekt1871
1872,35,Objekt1872
1873,480,Objekt1873
1874,121,Objekt1874
1875,34,Objekt1875
1876,418,Objekt1876
1877,248,Objekt1877
1878,54,Objekt1878
1879,484,Objekt1879
1880,382,Objekt1880
1881,262,Objekt1881
1882,89,Objekt1882
1883,21,Objekt1883
1884,468,Objekt1884
1885,449,Objekt1885
1886,190,Objekt1886
1887,268,Objekt1887
1888,42,Objekt1888
1889,172,Objekt1889
1890,58,Objekt1890
1891,428,Objekt1891
1892,438,Objekt1892
1893,359,Objekt1893
1894,239,Objekt1894
1895,452,Objekt1895
1896,396,Objekt1896
1897,162,Objekt1897
1898,77,Objekt1898
1899,102,Objekt1899
1900,409,Objekt1900
1901,385,Objekt1901
1902,408,Objekt1902
1903,207,Objekt1903
1904,277,Objekt1904
1905,385,Objekt1905
1906,465,Objekt1906
1907,155,Objekt1907
1908,219,Objekt1908
1909,363,Objekt1909
1910,165,Objekt1910
1911,208,Objekt1911
1912,319,Objekt1912
1913,154,Objekt1913
1914,416,Objekt1914
1915,443,Objekt1915
1916,129,Objekt1916
1917,294,Objekt1917
1918,256,Objekt1918
1919,57,Objekt1919
1920,310,Objekt1920
1921,270,Objekt1921
1922,224,Objekt1922
1923,459,Objekt1923
1924,404,Objekt1924
1925,407,Objekt1925
1926,104,Objekt1926
1927,339,Objekt1927
1928,28,Objekt1928
1929,219,Objekt1929
1930,97,Objekt1930
1931,492,Objekt1931
1932,362,Objekt1932
1933,352,Objekt1933
1934,366,Objekt1934
1935,254,Objekt1935
1936,397,Objekt1936
1937,377,Objekt1937
1938,212,Objekt1938
1939,463,Objekt1939
1940,384,Objekt1940
1941,372,Objekt1941
1942,388,Objekt1942
1943,103,Objekt1943
1944,97,Objekt1944
1945,115,Objekt1945
1946,449,Objekt1946
1947,215,Objekt1947
1948,74,Objekt1948
1949,13,Objekt1949
1950,214,Objekt1950
1951,79,Objekt1951
1952,265,Objekt1952
1953,138,Objekt1953
1954,205,Objekt1954
1955,45,Objekt1955
1956,292,Objekt1956
1957,351,Objekt1957
1958,210,Objekt1958
1959,450,Objekt1959
1960,46,Objekt1960
1961,374,Objekt1961
1962,29,Objekt1962
1963,434,Objekt1963
1964,414,Objekt1964
1965,462,Objekt1965
1966,150,Objekt1966
1967,223,Objekt1967
1968,78,Objekt1968
1969,405,Objekt1969
1970,117,Objekt1970
1971,204,Objekt1971
1972,104,Objekt1972
1973,453,Objekt1973
1974,145,Objekt1974
1975,286,Objekt1975
1976,135,Objekt1976
1977,378,Objekt1977
1978,371,Objekt1978
1979,456,Objekt1979
1980,263,Objekt1980
1981,258,Objekt1981
1982,414,Objekt1982
1983,316,Objekt1983
1984,216,Objekt1984
1985,6,Objekt1985
1986,143,Objekt1986
1987,85,Objekt1987
1988,61,Objekt1988
1989,193,Objekt1989
1990,61,Objekt1990
1991,215,Objekt1991
1992,188,Objekt1992
1993,189,Objekt1993
1994,374,Objekt1994
1995,448,Objekt1995
1996,246,Objekt1996
1997,353,Objekt1997
1998,323,Objekt1998
1999,105,Objekt1999
2000,392,Objekt2000
2001,47,Objekt2001
2002,488,Objekt2002
2003,448,Objekt2003
2004,433,Objekt2004
2005,464,Objekt2005
2006,133,Objekt2006
2007,256,Objekt2007
2008,326,Objekt2008
2009,371,Objekt2009
2010,356,Objekt2010
2011,81,Objekt2011
2012,5,Objekt2012
2013,188,Objekt2013
2014,398,Objekt2014
2015,365,Objekt2015
2016,454,Objekt2016
2017,33,Objekt2017
2018,480,Objekt2018
2019,26,Objekt2019
2020,478,Objekt2020
2021,190,Objekt2021
2022,110,Objekt2022
2023,290,Objekt2023
2024,69,Objekt2024
2025,400,Objekt2025
2026,172,Objekt2026
2027,475,Objekt2027
2028,41,Objekt2028
2029,11,Objekt2029
2030,98,Objekt2030
2031,96,Objekt2031
2032,330,Objekt2032
2033,227,Objekt2033
2034,278,Objekt2034
2035,354,Objekt2035
2036,462,Objekt2036
2037,311,Objekt2037
2038,163,Objekt2038
2039,274,Objekt2039
2040,203,Objekt2040
2041,400,Objekt2041
2042,209,Objekt2042
2043,474,Objekt2043
2044,218,Objekt2044
2045,65,Objekt2045
2046,257,Objekt2046
2047,22,Objekt2047
2048,474,Objekt2048
2049,480,Objekt2049
2050,304,Objekt2050
2051,321,Objekt2051
2052,133,Objekt2052
2053,130,Objekt2053
2054,382,Objekt2054
2055,173,Objekt2055
2056,217,Objekt2056
2057,39,Objekt2057
2058,21,Objekt2058
2059,149,Objekt2059
2060,19,Objekt2060
2061,455,Objekt2061
2062,326,Objekt2062
2063,323,Objekt2063
2064,326,Objekt2064
2065,55,Objekt2065
2066,301,Objekt2066
2067,176,Objekt2067
2068,236,Objekt2068
2069,103,Objekt2069
2070,311,Objekt2070
2071,288,Objekt2071
2072,267,Objekt2072
2073,228,Objekt2073
2074,33,Objekt2074
2075,170,Objekt2075
2076,371,Objekt2076
2077,336,Objekt2077
2078,481,Objekt2078
2079,172,Objekt2079
2080,165,Objekt2080
2081,276,Objekt2081
2082,489,Objekt2082
2083,430,Objekt2083
2084,190,Objekt2084
2085,215,Objekt2085
2086,79,Objekt2086
2087,475,Objekt2087
2088,74,Objekt2088
2089,349,Objekt2089
2090,98,Objekt2090
2091,97,Objekt2091
2092,22,Objekt2092
2093,198,Objekt2093
2094,109,Objekt2094
2095,332,Objekt2095
2096,2,Objekt2096
2097,200,Objekt2097
2098,131,Objekt2098
2099,150,Objekt2099
2100,99,Objekt2100
2101,193,Objekt2101
2102,12,Objekt2102
2103,72,Objekt2103
2104,50,Objekt2104
2105,212,Objekt2105
2106,392,Objekt2106
2107,408,Objekt2107
2108,152,Objekt2108
2109,114,Objekt2109
2110,1,Objekt2110
2111,489,Objekt2111
2112,385,Objekt2112
2113,18,Objekt2113
2114,122,Objekt2114
2115,281,Objekt2115
2116,425,Objekt2116
2117,164,Objekt2117
2118,23,Objekt2118
2119,494,Objekt2119
2120,496,Objekt2120
2121,395,Objekt2121
2122,339,Objekt2122
2123,300,Objekt2123
2124,403,Objekt2124
2125,24,Objekt2125
2126,392,Objekt2126
2127,452,Objekt2127
2128,166,Objekt2128
2129,246,Objekt2129
2130,157,Objekt2130
2131,299,Objekt2131
2132,31,Objekt2132
2133,181,Objekt2133
2134,104,Objekt2134
2135,344,Objekt2135
2136,39,Objekt2136
2137,301,Objekt2137
2138,278,Objekt2138
2139,92,Objekt2139
2140,123,Objekt2140
2141,451,Objekt2141
2142,426,Objekt2142
2143,230,Objekt2143
2144,375,Objekt2144
2145,110,Objekt2145
2146,347,Objekt2146
2147,487,Objekt2147
2148,41,Objekt2148
2149,334,Objekt2149
2150,95,Objekt2150
2151,59,Objekt2151
2152,464,Objekt2152
2153,346,Objekt2153
2154,130,Objekt2154
2155,76,Objekt2155
2156,195,Objekt2156
2157,141,Objekt2157
2158,177,Objekt2158
2159,439,Objekt2159
2160,265,Objekt2160
2161,201,Objekt2161
2162,84,Objekt2162
2163,470,Objekt2163
2164,83,Objekt2164
2165,83,Objekt2165
2166,420,Objekt2166
2167,101,Objekt2167
2168,229,Objekt2168
2169,417,Objekt2169
2170,272,Objekt2170
2171,221,Objekt2171
2172,344,Objekt2172
2173,15,Objekt2173
2174,439,Objekt2174
2175,434,Objekt2175
2176,264,Objekt2176
2177,263,Objekt2177
2178,170,Objekt2178
2179,467,Objekt2179
2180,369,Objekt2180
2181,180,Objekt2181
2182,435,Objekt2182
2183,280,Objekt2183
2184,437,Objekt2184
2185,273,Objekt2185
2186,71,Objekt2186
2187,394,Objekt2187
2188,229,Objekt2188
2189,482,Objekt2189
2190,118,Objekt2190
2191,177,Objekt2191
2192,498,Objekt2192
2193,244,Objekt2193
2194,454,Objekt2194
2195,349,Objekt2195
2196,464,Objekt2196
2197,215,Objekt2197
2198,481,Objekt2198
2199,73,Objekt2199
2200,491,Objekt2200
2201,256,Objekt2201
2202,254,Objekt2202
2203,350,Objekt2203
2204,150,Objekt2204
2205,102,Objekt2205
2206,474,Objekt2206
2207,26,Objekt2207
2208,139,Objekt2208
2209,319,Objekt2209
2210,189,Objekt2210
2211,78,Objekt2211
2212,486,Objekt2212
2213,4,Objekt2213
2214,279,Objekt2214
2215,401,Objekt2215
2216,411,Objekt2216
2217,73,Objekt2217
2218,18,Objekt2218
2219,235,Objekt2219
2220,235,Objekt2220
2221,446,Objekt2221
2222,294,Objekt2222
2223,15,Objekt2223
2224,392,Objekt2224
2225,190,Objekt2225
2226,363,Objekt2226
2227,155,Objekt2227
2228,439,Objekt2228
2229,297,Objekt2229
2230,260,Objekt2230
2231,456,Objekt2231
2232,311,Objekt2232
2233,484,Objekt2233
2234,405,Objekt2234
2235,60,Objekt2235
2236,384,Objekt2236
2237,360,Objekt2237
2238,165,Objekt2238
2239,26,Objekt2239
2240,179,Objekt2240
2241,187,Objekt2241
2242,470,Objekt2242
2243,436,Objekt2243
2244,380,Objekt2244
2245,138,Objekt2245
2246,222,Objekt2246
2247,437,Objekt2247
2248,64,Objekt2248
2249,71,Objekt2249
2250,400,Objekt2250
2251,411,Objekt2251
2252,405,Objekt2252
2253,120,Objekt2253
2254,179,Objekt2254
2255,368,Objekt2255
2256,363,Objekt2256
2257,364,Objekt2257
2258,39,Objekt2258
2259,405,Objekt2259
2260,94,Objekt2260
2261,92,Objekt2261
2262,439,Objekt2262
2263,334,Objekt2263
2264,160,Objekt2264
2265,343,Objekt2265
2266,29,Objekt2266
2267,161,Objekt2267
2268,71,Objekt2268
2269,66,Objekt2269
2270,156,Objekt2270
2271,120,Objekt2271
2272,287,Objekt2272
2273,454,Objekt2273
2274,61,Objekt2274
2275,184,Objekt2275
2276,395,Objekt2276
2277,307,Objekt2277
2278,451,Objekt2278
2279,68,Objekt2279
2280,199,Objekt2280
2281,325,Objekt2281
2282,356,Objekt2282
2283,237,Objekt2283
2284,379,Objekt2284
2285,394,Objekt2285
2286,37,Objekt2286
2287,472,Objekt2287
2288,143,Objekt2288
2289,330,Objekt2289
2290,426,Objekt2290
2291,344,Objekt2291
2292,88,Objekt2292
2293,460,Objekt2293
2294,263,Objekt2294
2295,371,Objekt2295
2296,139,Objekt2296
2297,181,Objekt2297
2298,92,Objekt2298
2299,188,Objekt2299
2300,422,Objekt2300
2301,414,Objekt2301
2302,73,Objekt2302
2303,69,Objekt2303
2304,81,Objekt2304
2305,45,Objekt2305
2306,428,Objekt2306
2307,134,Objekt2307
2308,52,Objekt2308
2309,89,Objekt2309
2310,333,Objekt2310
2311,185,Objekt2311
2312,172,Objekt2312
2313,318,Objekt2313
2314,336,Objekt2314
2315,479,Objekt2315
2316,215,Objekt2316
2317,459,Objekt2317
2318,497,Objekt2318
2319,243,Objekt2319
2320,266,Objekt2320
2321,288,Objekt2321
2322,132,Objekt2322
2323,413,Objekt2323
2324,125,Objekt2324
2325,225,Objekt2325
2326,449,Objekt2326
2327,206,Objekt2327
2328,165,Objekt2328
2329,130,Objekt2329
2330,175,Objekt2330
2331,443,Objekt2331
2332,82,Objekt2332
2333,257,Objekt2333
2334,331,Objekt2334
2335,215,Objekt2335
2336,466,Objekt2336
2337,495,Objekt2337
2338,202,Objekt2338
2339,241,Objekt2339
2340,249,Objekt2340
2341,212,Objekt2341
2342,410,Objekt2342
2343,97,Objekt2343
2344,113,Objekt2344
2345,133,Objekt2345
2346,23,Objekt2346
2347,366,Objekt2347
2348,110,Objekt2348
2349,496,Objekt2349
2350,397,Objekt2350
2351,149,Objekt2351
2352,229,Objekt2352
2353,119,Objekt2353
2354,443,Objekt2354
2355,269,Objekt2355
2356,6,Objekt2356
2357,195,Objekt2357
2358,178,Objekt2358
2359,405,Objekt2359
2360,224,Objekt2360
2361,164,Objekt2361
2362,64,Objekt2362
2363,169,Objekt2363
2364,199,Objekt2364
2365,127,Objekt2365
2366,235,Objekt2366
2367,153,Objekt2367
2368,146,Objekt2368
2369,388,Objekt2369
2370,165,Objekt2370
2371,294,Objekt2371
2372,485,Objekt2372
2373,128,Objekt2373
2374,8,Objekt2374
2375,403,Objekt2375
2376,335,Objekt2376
2377,270,Objekt2377
2378,395,Objekt2378
2379,26,Objekt2379
2380,16,Objekt2380
2381,346,Objekt2381
2382,70,Objekt2382
2383,287,Objekt2383
2384,262,Objekt2384
2385,243,Objekt2385
2386,366,Objekt2386
2387,390,Objekt2387
2388,251,Objekt2388
2389,103,Objekt2389
2390,173,Objekt2390
2391,345,Objekt2391
2392,297,Objekt2392
2393,9,Objekt2393
2394,55,Objekt2394
2395,277,Objekt2395
2396,68,Objekt2396
2397,151,Objekt2397
2398,373,Objekt2398
2399,78,Objekt2399
2400,118,Objekt2400
2401,6,Objekt2401
2402,262,Objekt2402
2403,400,Objekt2403
2404,322,Objekt2404
2405,285,Objekt2405
2406,127,Objekt2406
2407,217,Objekt2407
2408,52,Objekt2408
2409,468,Objekt2409
2410,409,Objekt2410
2411,72,Objekt2411
2412,18,Objekt2412
2413,66,Objekt2413
2414,367,Objekt2414
2415,417,Objekt2415
2416,464,Objekt2416
2417,85,Objekt2417
2418,363,Objekt2418
2419,364,Objekt2419
2420,447,Objekt2420
2421,294,Objekt2421
2422,6,Objekt2422
2423,101,Objekt2423
2424,359,Objekt2424
2425,390,Objekt2425
2426,287,Objekt2426
2427,79,Objekt2427
2428,265,Objekt2428
2429,84,Objekt2429
2430,337,Objekt2430
2431,395,Objekt2431
2432,275,Objekt2432
2433,107,Objekt2433
2434,147,Objekt2434
2435,185,Objekt2435
2436,276,Objekt2436
2437,227,Objekt2437
2438,128,Objekt2438
2439,56,Objekt2439
2440,235,Objekt2440
2441,450,Objekt2441
2442,328,Objekt2442
2443,124,Objekt2443
2444,26,Objekt2444
2445,176,Objekt2445
2446,256,Objekt2446
2447,341,Objekt2447
2448,172,Objekt2448
2449,496,Objekt2449
2450,107,Objekt2450
2451,90,Objekt2451
2452,463,Objekt2452
2453,29,Objekt2453
2454,295,Objekt2454
2455,85,Objekt2455
2456,380,Objekt2456
2457,173,Objekt2457
2458,460,Objekt2458
2459,222,Objekt2459
2460,280,Objekt2460
2461,484,Objekt2461
2462,205,Objekt2462
2463,122,Objekt2463
2464,485,Objekt2464
2465,21,Objekt2465
2466,57,Objekt2466
2467,231,Objekt2467
2468,344,Objekt2468
2469,487,Objekt2469
2470,357,Objekt2470
2471,413,Objekt2471
2472,217,Objekt2472
2473,383,Objekt2473
2474,85,Objekt2474
2475,149,Objekt2475
2476,251,Objekt2476
2477,173,Objekt2477
2478,380,Objekt2478
2479,243,Objekt2479
2480,237,Objekt2480
2481,47,Objekt2481
2482,490,Objekt2482
2483,137,Objekt2483
2484,407,Objekt2484
2485,81,Objekt2485
2486,437,Objekt2486
2487,194,Objekt2487
2488,294,Objekt2488
2489,475,Objekt2489
2490,177,Objekt2490
2491,248,Objekt2491
2492,23,Objekt2492
2493,264,Objekt2493
2494,297,Objekt2494
2495,60,Objekt2495
2496,489,Objekt2496
2497,374,Objekt2497
2498,110,Objekt2498
2499,131,Objekt2499
2500,461,Objekt2500
2501,89,Objekt2501
2502,28,Objekt2502
2503,93,Objekt2503
2504,173,Objekt2504
2505,405,Objekt2505
2506,270,Objekt2506
2507,67,Objekt2507
2508,298,Objekt2508
2509,165,Objekt2509
2510,412,Objekt2510
2511,376,Objekt2511
2512,445,Objekt2512
2513,457,Objekt2513
2514,398,Objekt2514
2515,143,Objekt2515
2516,6,Objekt2516
2517,207,Objekt2517
2518,407,Objekt2518
2519,490,Objekt2519
2520,45,Objekt2520
2521,270,Objekt2521
2522,35,Objekt2522
2523,162,Objekt2523
2524,47,Objekt2524
2525,473,Objekt2525
2526,158,Objekt2526
2527,32,Objekt2527
2528,362,Objekt2528
2529,143,Objekt2529
2530,288,Objekt2530
2531,311,Objekt2531
2532,363,Objekt2532
2533,43,Objekt2533
2534,187,Objekt2534
2535,46,Objekt2535
2536,287,Objekt2536
2537,123,Objekt2537
2538,229,Objekt2538
2539,133,Objekt2539
2540,360,Objekt2540
2541,427,Objekt2541
2542,240,Objekt2542
2543,189,Objekt2543
2544,46,Objekt2544
2545,53,Objekt2545
2546,483,Objekt2546
2547,288,Objekt2547
2548,393,Objekt2548
2549,75,Objekt2549
2550,365,Objekt2550
2551,27,Objekt2551
2552,356,Objekt2552
2553,135,Objekt2553
2554,132,Objekt2554
2555,299,Objekt2555
2556,45,Objekt2556
2557,6,Objekt2557
2558,245,Objekt2558
2559,146,Objekt2559
2560,492,Objekt2560
2561,48,Objekt2561
2562,340,Objekt2562
2563,228,Objekt2563
2564,123,Objekt2564
2565,386,Objekt2565
2566,80,Objekt2566
2567,321,Objekt2567
2568,193,Objekt2568
2569,277,Objekt2569
2570,225,Objekt2570
2571,23,Objekt2571
2572,204,Objekt2572
2573,327,Objekt2573
2574,280,Objekt2574
2575,96,Objekt2575
2576,402,Objekt2576
2577,153,Objekt2577
2578,320,Objekt2578
2579,456,Objekt2579
2580,305,Objekt2580
2581,280,Objekt2581
2582,131,Objekt2582
2583,193,Objekt2583
2584,331,Objekt2584
2585,334,Objekt2585
2586,427,Objekt2586
2587,145,Objekt2587
2588,251,Objekt2588
2589,182,Objekt2589
2590,404,Objekt2590
2591,398,Objekt2591
2592,249,Objekt2592
2593,298,Objekt2593
2594,112,Objekt2594
2595,193,Objekt2595
2596,154,Objekt2596
2597,312,Objekt2597
2598,394,Objekt2598
2599,184,Objekt2599
2600,266,Objekt2600
2601,326,Objekt2601
2602,199,Objekt2602
2603,244,Objekt2603
2604,74,Objekt2604
2605,381,Objekt2605
2606,215,Objekt2606
2607,403,Objekt2607
2608,383,Objekt2608
2609,398,Objekt2609
2610,228,Objekt2610
2611,293,Objekt2611
2612,224,Objekt2612
2613,344,Objekt2613
2614,400,Objekt2614
2615,235,Objekt2615
2616,257,Objekt2616
2617,484,Objekt2617
2618,105,Objekt2618
2619,306,Objekt2619
2620,58,Objekt2620
2621,330,Objekt2621
2622,496,Objekt2622
2623,391,Objekt2623
2624,135,Objekt2624
2625,358,Objekt2625
2626,93,Objekt2626
2627,178,Objekt2627
2628,470,Objekt2628
2629,425,Objekt2629
2630,483,Objekt2630
2631,242,Objekt2631
2632,10,Objekt2632
2633,56,Objekt2633
2634,277,Objekt2634
2635,96,Objekt2635
2636,32,Objekt2636
2637,9,Objekt2637
2638,339,Objekt2638
2639,16,Objekt2639
2640,4,Objekt2640
2641,183,Objekt2641
2642,432,Objekt2642
2643,182,Objekt2643
2644,34,Objekt2644
2645,473,Objekt2645
2646,282,Objekt2646
2647,57,Objekt2647
2648,141,Objekt2648
2649,127,Objekt2649
2650,107,Objekt2650
2651,14,Objekt2651
2652,160,Objekt2652
2653,409,Objekt2653
2654,446,Objekt2654
2655,412,Objekt2655
2656,187,Objekt2656
2657,226,Objekt2657
2658,139,Objekt2658
2659,304,Objekt2659
2660,328,Objekt2660
2661,147,Objekt2661
2662,61,Objekt2662
2663,291,Objekt2663
2664,301,Objekt2664
2665,187,Objekt2665
2666,203,Objekt2666
2667,46,Objekt2667
2668,190,Objekt2668
2669,278,Objekt2669
2670,208,Objekt2670
2671,129,Objekt2671
2672,401,Objekt2672
2673,438,Objekt2673
2674,448,Objekt2674
2675,424,Objekt2675
2676,210,Objekt2676
2677,358,Objekt2677
2678,178,Objekt2678
2679,238,Objekt2679
2680,8,Objekt2680
2681,176,Objekt2681
2682,80,Objekt2682
2683,99,Objekt2683
2684,497,Objekt2684
2685,196,Objekt2685
2686,123,Objekt2686
2687,322,Objekt2687
2688,129,Objekt2688
2689,232,Objekt2689
2690,128,Objekt2690
2691,431,Objekt2691
2692,116,Objekt2692
2693,485,Objekt2693
2694,33,Objekt2694
2695,408,Objekt2695
2696,117,Objekt2696
2697,232,Objekt2697
2698,243,Objekt2698
2699,109,Objekt2699
2700,163,Objekt2700
2701,267,Objekt2701
2702,256,Objekt2702
2703,98,Objekt2703
2704,281,Objekt2704
2705,397,Objekt2705
2706,114,Objekt2706
2707,168,Objekt2707
2708,340,Objekt2708
2709,47,Objekt2709
2710,393,Objekt2710
2711,26,Objekt2711
2712,460,Objekt2712
2713,66,Objekt2713
2714,395,Objekt2714
2715,86,Objekt2715
2716,9,Objekt2716
2717,21,Objekt2717
2718,409,Objekt2718
2719,302,Objekt2719
2720,293,Objekt2720
2721,307,Objekt2721
2722,183,Objekt2722
2723,153,Objekt2723
2724,186,Objekt2724
2725,8,Objekt2725
2726,262,Objekt2726
2727,461,Objekt2727
2728,427,Objekt2728
2729,479,Objekt2729
2730,51,Objekt2730
2731,325,Objekt2731
2732,224,Objekt2732
2733,115,Objekt2733
2734,9,Objekt2734
2735,114,Objekt2735
2736,434,Objekt2736
2737,135,Objekt2737
2738,418,Objekt2738
2739,127,Objekt2739
2740,336,Objekt2740
2741,320,Objekt2741
2742,259,Objekt2742
2743,74,Objekt2743
2744,75,Objekt2744
2745,66,Objekt2745
2746,176,Objekt2746
2747,316,Objekt2747
2748,134,Objekt2748
2749,35,Objekt2749
2750,243,Objekt2750
2751,77,Objekt2751
2752,462,Objekt2752
2753,13,Objekt2753
2754,57,Objekt2754
2755,442,Objekt2755
2756,91,Objekt2756
2757,47,Objekt2757
2758,207,Objekt2758
2759,455,Objekt2759
2760,263,Objekt2760
2761,136,Objekt2761
2762,429,Objekt2762
2763,386,Objekt2763
2764,314,Objekt2764
2765,62,Objekt2765
2766,349,Objekt2766
2767,240,Objekt2767
2768,465,Objekt2768
2769,453,Objekt2769
2770,7,Objekt2770
2771,431,Objekt2771
2772,165,Objekt2772
2773,56,Objekt2773
2774,149,Objekt2774
2775,476,Objekt2775
2776,242,Objekt2776
2777,408,Objekt2777
2778,112,Objekt2778
2779,35,Objekt2779
2780,223,Objekt2780
2781,168,Objekt2781
2782,222,Objekt2782
2783,450,Objekt2783
2784,233,Objekt2784
2785,236,Objekt2785
2786,244,Objekt2786
2787,206,Objekt2787
2788,270,Objekt2788
2789,154,Objekt2789
2790,37,Objekt2790
2791,406,Objekt2791
2792,347,Objekt2792
2793,169,Objekt2793
2794,286,Objekt2794
2795,305,Objekt2795
2796,396,Objekt2796
2797,362,Objekt2797
2798,101,Objekt2798
2799,185,Objekt2799
2800,109,Objekt2800
2801,234,Objekt2801
2802,391,Objekt2802
2803,386,Objekt2803
2804,107,Objekt2804
2805,36,Objekt2805
2806,406,Objekt2806
2807,235,Objekt2807
2808,207,Objekt2808
2809,385,Objekt2809
2810,332,Objekt2810
2811,391,Objekt2811
2812,232,Objekt2812
2813,388,Objekt2813
2814,121,Objekt2814
2815,62,Objekt2815
2816,145,Objekt2816
2817,283,Objekt2817
2818,72,Objekt2818
2819,257,Objekt2819
2820,99,Objekt2820
2821,419,Objekt2821
2822,418,Objekt2822
2823,49,Objekt2823
2824,440,Objekt2824
2825,448,Objekt2825
2826,114,Objekt2826
2827,377,Objekt2827
2828,419,Objekt2828
2829,40,Objekt2829
2830,104,Objekt2830
2831,241,Objekt2831
2832,52,Objekt2832
2833,224,Objekt2833
2834,288,Objekt2834
2835,98,Objekt2835
2836,409,Objekt2836
2837,436,Objekt2837
2838,238,Objekt2838
2839,127,Objekt2839
2840,20,Objekt2840
2841,422,Objekt2841
2842,291,Objekt2842
2843,80,Objekt2843
2844,366,Objekt2844
2845,170,Objekt2845
2846,384,Objekt2846
2847,127,Objekt2847
2848,438,Objekt2848
2849,434,Objekt2849
2850,446,Objekt2850
2851,383,Objekt2851
2852,434,Objekt2852
2853,96,Objekt2853
2854,477,Objekt2854
2855,254,Objekt2855
2856,486,Objekt2856
2857,177,Objekt2857
2858,300,Objekt2858
2859,362,Objekt2859
2860,176,Objekt2860
2861,304,Objekt2861
2862,359,Objekt2862
2863,488,Objekt2863
2864,128,Objekt2864
2865,44,Objekt2865
2866,182,Objekt2866
2867,489,Objekt2867
2868,370,Objekt2868
2869,251,Objekt2869
2870,89,Objekt2870
2871,498,Objekt2871
2872,363,Objekt2872
2873,10,Objekt2873
2874,475,Objekt2874
2875,156,Objekt2875
2876,92,Objekt2876
2877,19,Objekt2877
2878,55,Objekt2878
2879,18,Objekt2879
2880,223,Objekt2880
2881,75,Objekt2881
2882,251,Objekt2882
2883,134,Objekt2883
2884,82,Objekt2884
2885,280,Objekt2885
2886,27,Objekt2886
2887,314,Objekt2887
2888,402,Objekt2888
2889,492,Objekt2889
2890,357,Objekt2890
2891,44,Objekt2891
2892,495,Objekt2892
2893,330,Objekt2893
2894,463,Objekt2894
2895,463,Objekt2895
2896,492,Objekt2896
2897,207,Objekt2897
2898,70,Objekt2898
2899,237,Objekt2899
2900,260,Objekt2900
2901,42,Objekt2901
2902,139,Objekt2902
2903,182,Objekt2903
2904,351,Objekt2904
2905,211,Objekt2905
2906,217,Objekt2906
2907,372,Objekt2907
2908,465,Objekt2908
2909,311,Objekt2909
2910,338,Objekt2910
2911,172,Objekt2911
2912,468,Objekt2912
2913,398,Objekt2913
2914,345,Objekt2914
2915,446,Objekt2915
2916,31,Objekt2916
2917,161,Objekt2917
2918,340,Objekt2918
2919,58,Objekt2919
2920,299,Objekt2920
2921,394,Objekt2921
2922,337,Objekt2922
2923,30,Objekt2923
2924,471,Objekt2924
2925,165,Objekt2925
2926,15,Objekt2926
2927,445,Objekt2927
2928,209,Objekt2928
2929,234,Objekt2929
2930,18,Objekt2930
2931,197,Objekt2931
2932,73,Objekt2932
2933,420,Objekt2933
2934,45,Objekt2934
2935,193,Objekt2935
2936,38,Objekt2936
2937,335,Objekt2937
2938,407,Objekt2938
2939,123,Objekt2939
2940,223,Objekt2940
2941,338,Objekt2941
2942,208,Objekt2942
2943,85,Objekt2943
2944,124,Objekt2944
2945,396,Objekt2945
2946,182,Objekt2946
2947,7,Objekt2947
2948,160,Objekt2948
2949,291,Objekt2949
2950,65,Objekt2950
2951,32,Objekt2951
2952,80,Objekt2952
2953,142,Objekt2953
2954,56,Objekt2954
2955,302,Objekt2955
2956,316,Objekt2956
2957,223,Objekt2957
2958,56,Objekt2958
2959,264,Objekt2959
2960,491,Objekt2960
2961,452,Objekt2961
2962,474,Objekt2962
2963,224,Objekt2963
2964,191,Objekt2964
2965,412,Objekt2965
2966,400,Objekt2966
2967,454,Objekt2967
2968,127,Objekt2968
2969,496,Objekt2969
2970,40,Objekt2970
2971,482,Objekt2971
2972,161,Objekt2972
2973,13,Objekt2973
2974,126,Objekt2974
2975,300,Objekt2975
2976,100,Objekt2976
2977,413,Objekt2977
2978,227,Objekt2978
2979,457,Objekt2979
2980,431,Objekt2980
2981,130,Objekt2981
2982,25,Objekt2982
2983,151,Objekt2983
2984,84,Objekt2984
2985,371,Objekt2985
2986,381,Objekt2986
2987,126,Objekt2987
2988,142,Objekt2988
2989,268,Objekt2989
2990,274,Objekt2990
2991,366,Objekt2991
2992,218,Objekt2992
2993,148,Objekt2993
2994,64,Objekt2994
2995,271,Objekt2995
2996,58,Objekt2996
2997,345,Objekt2997
2998,441,Objekt2998
2999,211,Objekt2999
3000,126,Objekt3000
3001,469,Objekt3001
3002,265,Objekt3002
3003,279,Objekt3003
3004,344,Objekt3004
3005,252,Objekt3005
3006,201,Objekt3006
3007,254,Objekt3007
3008,473,Objekt3008
3009,377,Objekt3009
3010,382,Objekt3010
3011,435,Objekt3011
3012,326,Objekt3012
3013,448,Objekt3013
3014,302,Objekt3014
3015,227,Objekt3015
3016,375,Objekt3016
3017,185,Objekt3017
3018,397,Objekt3018
3019,269,Objekt3019
3020,321,Objekt3020
3021,172,Objekt3021
3022,86,Objekt3022
3023,103,Objekt3023
3024,257,Objekt3024
3025,493,Objekt3025
3026,483,Objekt3026
3027,496,Objekt3027
3028,145,Objekt3028
3029,3,Objekt3029
3030,207,Objekt3030
3031,274,Objekt3031
3032,102,Objekt3032
3033,363,Objekt3033
3034,318,Objekt3034
3035,28,Objekt3035
3036,186,Objekt3036
3037,274,Objekt3037
3038,396,Objekt3038
3039,474,Objekt3039
3040,433,Objekt3040
3041,251,Objekt3041
3042,163,Objekt3042
3043,90,Objekt3043
3044,67,Objekt3044
3045,183,Objekt3045
3046,172,Objekt3046
3047,226,Objekt3047
3048,55,Objekt3048
3049,94,Objekt3049
3050,188,Objekt3050
3051,351,Objekt3051
3052,28,Objekt3052
3053,468,Objekt3053
3054,73,Objekt3054
3055,157,Objekt3055
3056,143,Objekt3056
3057,320,Objekt3057
3058,256,Objekt3058
3059,286,Objekt3059
3060,446,Objekt3060
3061,368,Objekt3061
3062,495,Objekt3062
3063,126,Objekt3063
3064,186,Objekt3064
3065,463,Objekt3065
3066,90,Objekt3066
3067,256,Objekt3067
3068,232,Objekt3068
3069,206,Objekt3069
3070,322,Objekt3070
3071,281,Objekt3071
3072,361,Objekt3072
3073,134,Objekt3073
3074,237,Objekt3074
3075,119,Objekt3075
3076,203,Objekt3076
3077,19,Objekt3077
3078,476,Objekt3078
3079,97,Objekt3079
3080,9,Objekt3080
3081,231,Objekt3081
3082,145,Objekt3082
3083,3,Objekt3083
3084,316,Objekt3084
3085,445,Objekt3085
3086,308,Objekt3086
3087,471,Objekt3087
3088,385,Objekt3088
3089,54,Objekt3089
3090,476,Objekt3090
3091,126,Objekt3091
3092,258,Objekt3092
3093,164,Objekt3093
3094,438,Objekt3094
3095,14,Objekt3095
3096,106,Objekt3096
3097,370,Objekt3097
3098,186,Objekt3098
3099,216,Objekt3099
3100,406,Objekt3100
3101,178,Objekt3101
3102,198,Objekt3102
3103,455,Objekt3103
3104,217,Objekt3104
3105,344,Objekt3105
3106,101,Objekt3106
3107,188,Objekt3107
3108,182,Objekt3108
3109,74,Objekt3109
3110,478,Objekt3110
3111,180,Objekt3111
3112,420,Objekt3112
3113,269,Objekt3113
3114,485,Objekt3114
3115,365,Objekt3115
3116,329,Objekt3116
3117,396,Objekt3117
3118,68,Objekt3118
3119,52,Objekt3119
3120,257,Objekt3120
3121,78,Objekt3121
3122,50,Objekt3122
3123,99,Objekt3123
3124,33,Objekt3124
3125,457,Objekt3125
3126,428,Objekt3126
3127,105,Objekt3127
3128,460,Objekt3128
3129,157,Objekt3129
3130,221,Objekt3130
3131,172,Objekt3131
3132,1,Objekt3132
3133,332,Objekt3133
3134,169,Objekt3134
3135,484,Objekt3135
3136,359,Objekt3136
3137,400,Objekt3137
3138,6,Objekt3138
3139,280,Objekt3139
3140,367,Objekt3140
3141,239,Objekt3141
3142,481,Objekt3142
3143,314,Objekt3143
3144,440,Objekt3144
3145,49,Objekt3145
3146,335,Objekt3146
3147,37,Objekt3147
3148,83,Objekt3148
3149,467,Objekt3149
3150,359,Objekt3150
3151,499,Objekt3151
3152,206,Objekt3152
3153,346,Objekt3153
3154,117,Objekt3154
3155,134,Objekt3155
3156,247,Objekt3156
3157,64,Objekt3157
3158,325,Objekt3158
3159,183,Objekt3159
3160,31,Objekt3160
3161,172,Objekt3161
3162,162,Objekt3162
3163,112,Objekt3163
3164,304,Objekt3164
3165,143,Objekt3165
3166,477,Objekt3166
3167,332,Objekt3167
3168,446,Objekt3168
3169,460,Objekt3169
3170,435,Objekt3170
3171,318,Objekt3171
3172,387,Objekt3172
3173,189,Objekt3173
3174,460,Objekt3174
3175,417,Objekt3175
3176,272,Objekt3176
3177,454,Objekt3177
3178,312,Objekt3178
3179,211,Objekt3179
3180,403,Objekt3180
3181,382,Objekt3181
3182,277,Objekt3182
3183,481,Objekt3183
3184,77,Objekt3184
3185,287,Objekt3185
3186,235,Objekt3186
3187,498,Objekt3187
3188,338,Objekt3188
3189,195,Objekt3189
3190,50,Objekt3190
3191,144,Objekt3191
3192,425,Objekt3192
3193,390,Objekt3193
3194,146,Objekt3194
3195,482,Objekt3195
3196,376,Objekt3196
3197,386,Objekt3197
3198,471,Objekt3198
3199,251,Objekt3199
3200,45,Objekt3200
3201,16,Objekt3201
3202,486,Objekt3202
3203,337,Objekt3203
3204,473,Objekt3204
3205,378,Objekt3205
3206,444,Objekt3206
3207,253,Objekt3207
3208,470,Objekt3208
3209,326,Objekt3209
3210,85,Objekt3210
3211,188,Objekt3211
3212,372,Objekt3212
3213,419,Objekt3213
3214,137,Objekt3214
3215,109,Objekt3215
3216,120,Objekt3216
3217,205,Objekt3217
3218,288,Objekt3218
3219,367,Objekt3219
3220,170,Objekt3220
3221,127,Objekt3221
3222,1,Objekt3222
3223,25,Objekt3223
3224,316,Objekt3224
3225,119,Objekt3225
3226,98,Objekt3226
3227,50,Objekt3227
3228,97,Objekt3228
3229,464,Objekt3229
3230,209,Objekt3230
3231,15,Objekt3231
3232,334,Objekt3232
3233,212,Objekt3233
3234,174,Objekt3234
3235,408,Objekt3235
3236,278,Objekt3236
3237,118,Objekt3237
3238,371,Objekt3238
3239,408,Objekt3239
3240,471,Objekt3240
3241,253,Objekt3241
3242,378,Objekt3242
3243,315,Objekt3243
3244,466,Objekt3244
3245,128,Objekt3245
3246,79,Objekt3246
3247,42,Objekt3247
3248,416,Objekt3248
3249,283,Objekt3249
3250,393,Objekt3250
3251,229,Objekt3251
3252,332,Objekt3252
3253,69,Objekt3253
3254,419,Objekt3254
3255,329,Objekt3255
3256,142,Objekt3256
3257,160,Objekt3257
3258,141,Objekt3258
3259,491,Objekt3259
3260,372,Objekt3260
3261,39,Objekt3261
3262,335,Objekt3262
3263,345,Objekt3263
3264,325,Objekt3264
3265,203,Objekt3265
3266,427,Objekt3266
3267,496,Objekt3267
3268,383,Objekt3268
3269,421,Objekt3269
3270,277,Objekt3270
3271,247,Objekt3271
3272,290,Objekt3272
3273,95,Objekt3273
3274,357,Objekt3274
3275,10,Objekt3275
3276,494,Objekt3276
3277,48,Objekt3277
3278,255,Objekt3278
3279,377,Objekt3279
3280,421,Objekt3280
3281,32,Objekt3281
3282,112,Objekt3282
3283,271,Objekt3283
3284,461,Objekt3284
3285,475,Objekt3285
3286,125,Objekt3286
3287,315,Objekt3287
3288,357,Objekt3288
3289,379,Objekt3289
3290,418,Objekt3290
3291,421,Objekt3291
3292,455,Objekt3292
3293,432,Objekt3293
3294,200,Objekt3294
3295,85,Objekt3295
3296,339,Objekt3296
3297,307,Objekt3297
3298,244,Objekt3298
3299,486,Objekt3299
3300,359,Objekt3300
3301,204,Objekt3301
3302,280,Objekt3302
3303,275,Objekt3303
3304,415,Objekt3304
3305,3,Objekt3305
3306,184,Objekt3306
3307,310,Objekt3307
3308,290,Objekt3308
3309,250,Objekt3309
3310,378,Objekt3310
3311,66,Objekt3311
3312,474,Objekt3312
3313,319,Objekt3313
3314,107,Objekt3314
3315,401,Objekt3315
3316,213,Objekt3316
3317,191,Objekt3317
3318,433,Objekt3318
3319,239,Objekt3319
3320,328,Objekt3320
3321,107,Objekt3321
3322,159,Objekt3322
3323,338,Objekt3323
3324,477,Objekt3324
3325,332,Objekt3325
3326,403,Objekt3326
3327,390,Objekt3327
3328,445,Objekt3328
3329,145,Objekt3329
3330,474,Objekt3330
3331,258,Objekt3331
3332,4,Objekt3332
3333,439,Objekt3333
3334,178,Objekt3334
3335,17,Objekt3335
3336,128,Objekt3336
3337,420,Objekt3337
3338,282,Objekt3338
3339,191,Objekt3339
3340,451,Objekt3340
3341,479,Objekt3341
3342,67,Objekt3342
3343,422,Objekt3343
3344,239,Objekt3344
3345,438,Objekt3345
3346,465,Objekt3346
3347,62,Objekt3347
3348,20,Objekt3348
3349,147,Objekt3349
3350,352,Objekt3350
3351,41,Objekt3351
3352,48,Objekt3352
3353,296,Objekt3353
3354,360,Objekt3354
3355,266,Objekt3355
3356,136,Objekt3356
3357,409,Objekt3357
3358,39,Objekt3358
3359,473,Objekt3359
3360,51,Objekt3360
3361,60,Objekt3361
3362,363,Objekt3362
3363,245,Objekt3363
3364,436,Objekt3364
3365,139,Objekt3365
3366,443,Objekt3366
3367,223,Objekt3367
3368,257,Objekt3368
3369,157,Objekt3369
3370,194,Objekt3370
3371,144,Objekt3371
3372,75,Objekt3372
3373,83,Objekt3373
3374,195,Objekt3374
3375,368,Objekt3375
3376,297,Objekt3376
3377,236,Objekt3377
3378,405,Objekt3378
3379,136,Objekt3379
3380,382,Objekt3380
3381,120,Objekt3381
3382,316,Objekt3382
3383,4,Objekt3383
3384,212,Objekt3384
3385,235,Objekt3385
3386,69,Objekt3386
3387,493,Objekt3387
3388,409,Objekt3388
3389,324,Objekt3389
3390,124,Objekt3390
3391,96,Objekt3391
3392,68,Objekt3392
3393,182,Objekt3393
3394,305,Objekt3394
3395,211,Objekt3395
3396,348,Objekt3396
3397,179,Objekt3397
3398,243,Objekt3398
3399,21,Objekt3399
3400,72,Objekt3400
3401,399,Objekt3401
3402,206,Objekt3402
3403,103,Objekt3403
3404,263,Objekt3404
3405,233,Objekt3405
3406,93,Objekt3406
3407,193,Objekt3407
3408,286,Objekt3408
3409,407,Objekt3409
3410,191,Objekt3410
3411,478,Objekt3411
3412,37,Objekt3412
3413,62,Objekt3413
3414,257,Objekt3414
3415,427,Objekt3415
3416,359,Objekt3416
3417,203,Objekt3417
3418,140,Objekt3418
3419,464,Objekt3419
3420,319,Objekt3420
3421,48,Objekt3421
3422,413,Objekt3422
3423,273,Objekt3423
3424,135,Objekt3424
3425,418,Objekt3425
3426,407,Objekt3426
3427,403,Objekt3427
3428,96,Objekt3428
3429,197,Objekt3429
3430,134,Objekt3430
3431,494,Objekt3431
3432,204,Objekt3432
3433,267,Objekt3433
3434,179,Objekt3434
3435,279,Objekt3435
3436,373,Objekt3436
3437,66,Objekt3437
3438,4,Objekt3438
3439,376,Objekt3439
3440,209,Objekt3440
3441,38,Objekt3441
3442,169,Objekt3442
3443,421,Objekt3443
3444,47,Objekt3444
3445,59,Objekt3445
3446,350,Objekt3446
3447,14,Objekt3447
3448,164,Objekt3448
3449,434,Objekt3449
3450,357,Objekt3450
3451,244,Objekt3451
3452,455,Objekt3452
3453,458,Objekt3453
3454,409,Objekt3454
3455,112,Objekt3455
3456,395,Objekt3456
3457,88,Objekt3457
3458,344,Objekt3458
3459,355,Objekt3459
3460,59,Objekt3460
3461,499,Objekt3461
3462,27,Objekt3462
3463,66,Objekt3463
3464,59,Objekt3464
3465,34,Objekt3465
3466,487,Objekt3466
3467,490,Objekt3467
3468,327,Objekt3468
3469,193,Objekt3469
3470,334,Objekt3470
3471,378,Objekt3471
3472,308,Objekt3472
3473,279,Objekt3473
3474,173,Objekt3474
3475,319,Objekt3475
3476,357,Objekt3476
3477,360,Objekt3477
3478,219,Objekt3478
3479,101,Objekt3479
3480,362,Objekt3480
3481,16,Objekt3481
3482,483,Objekt3482
3483,12,Objekt3483
3484,190,Objekt3484
3485,180,Objekt3485
3486,329,Objekt3486
3487,107,Objekt3487
3488,118,Objekt3488
3489,156,Objekt3489
3490,103,Objekt3490
3491,476,Objekt3491
3492,377,Objekt3492
3493,64,Objekt3493
3494,162,Objekt3494
3495,114,Objekt3495
3496,110,Objekt3496
3497,349,Objekt3497
3498,252,Objekt3498
3499,315,Objekt3499
3500,427,Objekt3500
3501,208,Objekt3501
3502,319,Objekt3502
3503,318,Objekt3503
3504,253,Objekt3504
3505,375,Objekt3505
3506,442,Objekt3506
3507,354,Objekt3507
3508,452,Objekt3508
3509,115,Objekt3509
3510,213,Objekt3510
3511,349,Objekt3511
3512,226,Objekt3512
3513,116,Objekt3513
3514,320,Objekt3514
3515,399,Objekt3515
3516,262,Objekt3516
3517,105,Objekt3517
3518,439,Objekt3518
3519,409,Objekt3519
3520,467,Objekt3520
3521,413,Objekt3521
3522,428,Objekt3522
3523,10,Objekt3523
3524,216,Objekt3524
3525,91,Objekt3525
3526,13,Objekt3526
3527,234,Objekt3527
3528,169,Objekt3528
3529,264,Objekt3529
3530,61,Objekt3530
3531,379,Objekt3531
3532,224,Objekt3532
3533,84,Objekt3533
3534,144,Objekt3534
3535,323,Objekt3535
3536,463,Objekt3536
3537,233,Objekt3537
3538,69,Objekt3538
3539,328,Objekt3539
3540,297,Objekt3540
3541,328,Objekt3541
3542,61,Objekt3542
3543,98,Objekt3543
3544,83,Objekt3544
3545,247,Objekt3545
3546,391,Objekt3546
3547,409,Objekt3547
3548,144,Objekt3548
3549,21,Objekt3549
3550,214,Objekt3550
3551,264,Objekt3551
3552,289,Objekt3552
3553,182,Objekt3553
3554,356,Objekt3554
3555,352,Objekt3555
3556,20,Objekt3556
3557,145,Objekt3557
3558,470,Objekt3558
3559,263,Objekt3559
3560,285,Objekt3560
3561,483,Objekt3561
3562,176,Objekt3562
3563,331,Objekt3563
3564,293,Objekt3564
3565,127,Objekt3565
3566,230,Objekt3566
3567,110,Objekt3567
3568,296,Objekt3568
3569,317,Objekt3569
3570,371,Objekt3570
3571,258,Objekt3571
3572,42,Objekt3572
3573,257,Objekt3573
3574,111,Objekt3574
3575,317,Objekt3575
3576,453,Objekt3576
3577,60,Objekt3577
3578,156,Objekt3578
3579,392,Objekt3579
3580,159,Objekt3580
3581,415,Objekt3581
3582,327,Objekt3582
3583,192,Objekt3583
3584,143,Objekt3584
3585,407,Objekt3585
3586,79,Objekt3586
3587,124,Objekt3587
3588,443,Objekt3588
3589,59,Objekt3589
3590,191,Objekt3590
3591,400,Objekt3591
3592,417,Objekt3592
3593,460,Objekt3593
3594,372,Objekt3594
3595,84,Objekt3595
3596,473,Objekt3596
3597,115,Objekt3597
3598,199,Objekt3598
3599,240,Objekt3599
3600,203,Objekt3600
3601,59,Objekt3601
3602,21,Objekt3602
3603,294,Objekt3603
3604,154,Objekt3604
3605,215,Objekt3605
3606,472,Objekt3606
3607,461,Objekt3607
3608,447,Objekt3608
3609,21,Objekt3609
3610,90,Objekt3610
3611,357,Objekt3611
3612,38,Objekt3612
3613,65,Objekt3613
3614,6,Objekt3614
3615,76,Objekt3615
3616,443,Objekt3616
3617,333,Objekt3617
3618,39,Objekt3618
3619,298,Objekt3619
3620,426,Objekt3620
3621,138,Objekt3621
3622,490,Objekt3622
3623,81,Objekt3623
3624,261,Objekt3624
3625,384,Objekt3625
3626,221,Objekt3626
3627,255,Objekt3627
3628,494,Objekt3628
3629,377,Objekt3629
3630,282,Objekt3630
3631,28,Objekt3631
3632,319,Objekt3632
3633,216,Objekt3633
3634,259,Objekt3634
3635,8,Objekt3635
3636,418,Objekt3636
3637,283,Objekt3637
3638,431,Objekt3638
3639,439,Objekt3639
3640,101,Objekt3640
3641,311,Objekt3641
3642,461,Objekt3642
3643,441,Objekt3643
3644,455,Objekt3644
3645,263,Objekt3645
3646,377,Objekt3646
3647,363,Objekt3647
3648,184,Objekt3648
3649,4,Objekt3649
3650,130,Objekt3650
3651,232,Objekt3651
3652,403,Objekt3652
3653,175,Objekt3653
3654,59,Objekt3654
3655,353,Objekt3655
3656,22,Objekt3656
3657,499,Objekt3657
3658,265,Objekt3658
3659,269,Objekt3659
3660,253,Objekt3660
3661,325,Objekt3661
3662,239,Objekt3662
3663,100,Objekt3663
3664,470,Objekt3664
3665,347,Objekt3665
3666,247,Objekt3666
3667,61,Objekt3667
3668,225,Objekt3668
3669,334,Objekt3669
3670,456,Objekt3670
3671,495,Objekt3671
3672,478,Objekt3672
3673,45,Objekt3673
3674,496,Objekt3674
3675,284,Objekt3675
3676,337,Objekt3676
3677,81,Objekt3677
3678,126,Objekt3678
3679,284,Objekt3679
3680,362,Objekt3680
3681,488,Objekt3681
3682,12,Objekt3682
3683,372,Objekt3683
3684,85,Objekt3684
3685,298,Objekt3685
3686,155,Objekt3686
3687,72,Objekt3687
3688,201,Objekt3688
3689,117,Objekt3689
3690,298,Objekt3690
3691,213,Objekt3691
3692,448,Objekt3692
3693,210,Objekt3693
3694,456,Objekt3694
3695,458,Objekt3695
3696,297,Objekt3696
3697,179,Objekt3697
3698,189,Objekt3698
3699,431,Objekt3699
3700,310,Objekt3700
3701,409,Objekt3701
3702,109,Objekt3702
3703,269,Objekt3703
3704,252,Objekt3704
3705,221,Objekt3705
3706,318,Objekt3706
3707,184,Objekt3707
3708,52,Objekt3708
3709,88,Objekt3709
3710,57,Objekt3710
3711,251,Objekt3711
3712,391,Objekt3712
3713,174,Objekt3713
3714,2,Objekt3714
3715,275,Objekt3715
3716,348,Objekt3716
3717,451,Objekt3717
3718,92,Objekt3718
3719,248,Objekt3719
3720,361,Objekt3720
3721,227,Objekt3721
3722,14,Objekt3722
3723,267,Objekt3723
3724,39,Objekt3724
3725,192,Objekt3725
3726,485,Objekt3726
3727,262,Objekt3727
3728,243,Objekt3728
3729,453,Objekt3729
3730,184,Objekt3730
3731,37,Objekt3731
3732,335,Objekt3732
3733,126,Objekt3733
3734,378,Objekt3734
3735,40,Objekt3735
3736,53,Objekt3736
3737,260,Objekt3737
3738,54,Objekt3738
3739,242,Objekt3739
3740,103,Objekt3740
3741,297,Objekt3741
3742,416,Objekt3742
3743,124,Objekt3743
3744,118,Objekt3744
3745,123,Objekt3745
3746,45,Objekt3746
3747,56,Objekt3747
3748,77,Objekt3748
3749,213,Objekt3749
3750,204,Objekt3750
3751,180,Objekt3751
3752,293,Objekt3752
3753,483,Objekt3753
3754,19,Objekt3754
3755,36,Objekt3755
3756,345,Objekt3756
3757,31,Objekt3757
3758,124,Objekt3758
3759,29,Objekt3759
3760,117,Objekt3760
3761,354,Objekt3761
3762,411,Objekt3762
3763,4,Objekt3763
3764,152,Objekt3764
3765,7,Objekt3765
3766,109,Objekt3766
3767,436,Objekt3767
3768,176,Objekt3768
3769,241,Objekt3769
3770,173,Objekt3770
3771,312,Objekt3771
3772,131,Objekt3772
3773,199,Objekt3773
3774,223,Objekt3774
3775,342,Objekt3775
3776,205,Objekt3776
3777,141,Objekt3777
3778,137,Objekt3778
3779,373,Objekt3779
3780,245,Objekt3780
3781,471,Objekt3781
3782,371,Objekt3782
3783,339,Objekt3783
3784,72,Objekt3784
3785,52,Objekt3785
3786,352,Objekt3786
3787,193,Objekt3787
3788,331,Objekt3788
3789,183,Objekt3789
3790,7,Objekt3790
3791,378,Objekt3791
3792,69,Objekt3792
3793,335,Objekt3793
3794,132,Objekt3794
3795,360,Objekt3795
3796,297,Objekt3796
3797,8,Objekt3797
3798,133,Objekt3798
3799,331,Objekt3799
3800,101,Objekt3800
3801,349,Objekt3801
3802,128,Objekt3802
3803,28,Objekt3803
3804,102,Objekt3804
3805,165,Objekt3805
3806,97,Objekt3806
3807,44,Objekt3807
3808,436,Objekt3808
3809,238,Objekt3809
3810,406,Objekt3810
3811,314,Objekt3811
3812,112,Objekt3812
3813,394,Objekt3813
3814,100,Objekt3814
3815,370,Objekt3815
3816,280,Objekt3816
3817,69,Objekt3817
3818,476,Objekt3818
3819,412,Objekt3819
3820,248,Objekt3820
3821,120,Objekt3821
3822,312,Objekt3822
3823,487,Objekt3823
3824,406,Objekt3824
3825,285,Objekt3825
3826,316,Objekt3826
3827,237,Objekt3827
3828,161,Objekt3828
3829,45,Objekt3829
3830,70,Objekt3830
3831,122,Objekt3831
3832,497,Objekt3832
3833,28,Objekt3833
3834,364,Objekt3834
3835,375,Objekt3835
3836,131,Objekt3836
3837,268,Objekt3837
3838,216,Objekt3838
3839,187,Objekt3839
3840,349,Objekt3840
3841,276,Objekt3841
3842,284,Objekt3842
3843,141,Objekt3843
3844,403,Objekt3844
3845,494,Objekt3845
3846,29,Objekt3846
3847,207,Objekt3847
3848,9,Objekt3848
3849,424,Objekt3849
3850,371,Objekt3850
3851,38,Objekt3851
3852,247,Objekt3852
3853,281,Objekt3853
3854,467,Objekt3854
3855,204,Objekt3855
3856,61,Objekt3856
3857,454,Objekt3857
3858,392,Objekt3858
3859,402,Objekt3859
3860,100,Objekt3860
3861,148,Objekt3861
3862,200,Objekt3862
3863,282,Objekt3863
3864,170,Objekt3864
3865,308,Objekt3865
3866,175,Objekt3866
3867,119,Objekt3867
3868,276,Objekt3868
3869,418,Objekt3869
3870,326,Objekt3870
3871,57,Objekt3871
3872,219,Objekt3872
3873,448,Objekt3873
3874,200,Objekt3874
3875,496,Objekt3875
3876,79,Objekt3876
3877,168,Objekt3877
3878,465,Objekt3878
3879,172,Objekt3879
3880,252,Objekt3880
3881,494,Objekt3881
3882,463,Objekt3882
3883,363,Objekt3883
3884,174,Objekt3884
3885,8,Objekt3885
3886,416,Objekt3886
3887,79,Objekt3887
3888,398,Objekt3888
3889,85,Objekt3889
3890,312,Objekt3890
3891,86,Objekt3891
3892,315,Objekt3892
3893,356,Objekt3893
3894,119,Objekt3894
3895,356,Objekt3895
3896,7,Objekt3896
3897,98,Objekt3897
3898,497,Objekt3898
3899,13,Objekt3899
3900,130,Objekt3900
3901,13,Objekt3901
3902,24,Objekt3902
3903,187,Objekt3903
3904,482,Objekt3904
3905,392,Objekt3905
3906,330,Objekt3906
3907,457,Objekt3907
3908,424,Objekt3908
3909,407,Objekt3909
3910,5,Objekt3910
3911,52,Objekt3911
3912,97,Objekt3912
3913,298,Objekt3913
3914,477,Objekt3914
3915,491,Objekt3915
3916,129,Objekt3916
3917,382,Objekt3917
3918,315,Objekt3918
3919,435,Objekt3919
3920,158,Objekt3920
3921,44,Objekt3921
3922,330,Objekt3922
3923,92,Objekt3923
3924,437,Objekt3924
3925,174,Objekt3925
3926,205,Objekt3926
3927,132,Objekt3927
3928,93,Objekt3928
3929,149,Objekt3929
3930,446,Objekt3930
3931,80,Objekt3931
3932,127,Objekt3932
3933,60,Objekt3933
3934,51,Objekt3934
3935,377,Objekt3935
3936,139,Objekt3936
3937,62,Objekt3937
3938,197,Objekt3938
3939,471,Objekt3939
3940,365,Objekt3940
3941,373,Objekt3941
3942,144,Objekt3942
3943,347,Objekt3943
3944,399,Objekt3944
3945,224,Objekt3945
3946,384,Objekt3946
3947,352,Objekt3947
3948,361,Objekt3948
3949,390,Objekt3949
3950,293,Objekt3950
3951,405,Objekt3951
3952,41,Objekt3952
3953,449,Objekt3953
3954,252,Objekt3954
3955,30,Objekt3955
3956,366,Objekt3956
3957,468,Objekt3957
3958,382,Objekt3958
3959,340,Objekt3959
3960,294,Objekt3960
3961,292,Objekt3961
3962,447,Objekt3962
3963,339,Objekt3963
3964,190,Objekt3964
3965,165,Objekt3965
3966,392,Objekt3966
3967,148,Objekt3967
3968,13,Objekt3968
3969,20,Objekt3969
3970,129,Objekt3970
3971,267,Objekt3971
3972,415,Objekt3972
3973,333,Objekt3973
3974,151,Objekt3974
3975,498,Objekt3975
3976,327,Objekt3976
3977,184,Objekt3977
3978,18,Objekt3978
3979,385,Objekt3979
3980,382,Objekt3980
3981,420,Objekt3981
3982,252,Objekt3982
3983,144,Objekt3983
3984,183,Objekt3984
3985,19,Objekt3985
3986,62,Objekt3986
3987,200,Objekt3987
3988,113,Objekt3988
3989,87,Objekt3989
3990,79,Objekt3990
3991,490,Objekt3991
3992,85,Objekt3992
3993,157,Objekt3993
3994,386,Objekt3994
3995,273,Objekt3995
3996,392,Objekt3996
3997,142,Objekt3997
3998,443,Objekt3998
3999,394,Objekt3999
4000,289,Objekt4000
